"state","date.wk_end","weekly.flu.admissions.HHS","weekly.flu.admissions.HHS.coverage","weekly.flu.deaths.HHS","weekly.flu.deaths.HHS.coverage","region","population","hhs.hosp.rate","hhs.death.rate","sea_label","sea_description","year_wk_num","year","age","age_label","date.wk_start","flusurv.hosp.cum.rate","flusurv.hosp.rate"
"CA",2021-10-09,14,2141,0,2125,"California",42621044,0.0328476233477528,0,"2021-22","Season 2021-22",40,2021,6,"Overall",2021-10-03,0,0
"CA",2021-10-16,10,2124,0,2113,"California",42621044,0.0234625881055377,0,"2021-22","Season 2021-22",41,2021,6,"Overall",2021-10-10,0.1,0.1
"CA",2021-10-23,17,2181,0,2174,"California",42621044,0.0398863997794141,0,"2021-22","Season 2021-22",42,2021,6,"Overall",2021-10-17,0.1,0
"CA",2021-10-30,8,2198,1,2191,"California",42621044,0.0187700704844302,0.00234625881055377,"2021-22","Season 2021-22",43,2021,6,"Overall",2021-10-24,0.1,0
"CA",2021-11-06,19,2320,0,2313,"California",42621044,0.0445789174005217,0,"2021-22","Season 2021-22",44,2021,6,"Overall",2021-10-31,0.1,0
"CA",2021-11-13,19,2639,0,2633,"California",42621044,0.0445789174005217,0,"2021-22","Season 2021-22",45,2021,6,"Overall",2021-11-07,0.1,0
"CA",2021-11-20,25,2639,0,2632,"California",42621044,0.0586564702638443,0,"2021-22","Season 2021-22",46,2021,6,"Overall",2021-11-14,0.1,0
"CA",2021-11-27,28,2677,0,2670,"California",42621044,0.0656952466955056,0,"2021-22","Season 2021-22",47,2021,6,"Overall",2021-11-21,0.2,0.1
"CA",2021-12-04,54,2699,0,2693,"California",42621044,0.126697975769904,0,"2021-22","Season 2021-22",48,2021,6,"Overall",2021-11-28,0.2,0
"CA",2021-12-11,66,2729,2,2719,"California",42621044,0.154853081496549,0.00469251762110754,"2021-22","Season 2021-22",49,2021,6,"Overall",2021-12-05,0.2,0
"CA",2021-12-18,70,2737,1,2723,"California",42621044,0.164238116738764,0.00234625881055377,"2021-22","Season 2021-22",50,2021,6,"Overall",2021-12-12,0.2,0
"CA",2021-12-25,118,2710,1,2697,"California",42621044,0.276858539645345,0.00234625881055377,"2021-22","Season 2021-22",51,2021,6,"Overall",2021-12-19,0.3,0.1
"CA",2022-01-01,97,2718,3,2705,"California",42621044,0.227587104623716,0.00703877643166132,"2021-22","Season 2021-22",52,2021,6,"Overall",2021-12-26,0.4,0.1
"CA",2022-01-08,93,2726,2,2696,"California",42621044,0.218202069381501,0.00469251762110754,"2021-22","Season 2021-22",1,2021,6,"Overall",2022-01-02,0.5,0.1
"CA",2022-01-15,81,2736,1,2535,"California",42621044,0.190046963654856,0.00234625881055377,"2021-22","Season 2021-22",2,2021,6,"Overall",2022-01-09,0.6,0.1
"CA",2022-01-22,64,2728,4,2521,"California",42621044,0.150160563875441,0.00938503524221509,"2021-22","Season 2021-22",3,2021,6,"Overall",2022-01-16,0.6,0
"CA",2022-01-29,30,2746,7,2529,"California",42621044,0.0703877643166132,0.0164238116738764,"2021-22","Season 2021-22",4,2021,6,"Overall",2022-01-23,0.6,0
"CA",2022-02-05,32,2765,15,2453,"California",42621044,0.0750802819377207,0.0351938821583066,"2021-22","Season 2021-22",5,2021,6,"Overall",2022-01-30,0.6,0
"CA",2022-02-12,34,2770,5,2432,"California",42621044,0.0797727995588283,0.0117312940527689,"2021-22","Season 2021-22",6,2021,6,"Overall",2022-02-06,0.6,0
"CA",2022-02-19,18,2772,16,2421,"California",42621044,0.0422326585899679,0.0375401409688604,"2021-22","Season 2021-22",7,2021,6,"Overall",2022-02-13,0.7,0
"CA",2022-02-26,34,2768,5,2430,"California",42621044,0.0797727995588283,0.0117312940527689,"2021-22","Season 2021-22",8,2021,6,"Overall",2022-02-20,0.7,0.1
"CA",2022-03-05,32,2756,11,2429,"California",42621044,0.0750802819377207,0.0258088469160915,"2021-22","Season 2021-22",9,2021,6,"Overall",2022-02-27,0.8,0.1
"CA",2022-03-12,45,2753,3,2427,"California",42621044,0.10558164647492,0.00703877643166132,"2021-22","Season 2021-22",10,2021,6,"Overall",2022-03-06,0.8,0.1
"CA",2022-03-19,57,2767,0,2433,"California",42621044,0.133736752201565,0,"2021-22","Season 2021-22",11,2021,6,"Overall",2022-03-13,0.9,0.1
"CA",2022-03-26,63,2769,2,2414,"California",42621044,0.147814305064888,0.00469251762110754,"2021-22","Season 2021-22",12,2021,6,"Overall",2022-03-20,1,0.1
"CA",2022-04-02,84,2774,1,2423,"California",42621044,0.197085740086517,0.00234625881055377,"2021-22","Season 2021-22",13,2021,6,"Overall",2022-03-27,1.1,0.1
"CA",2022-04-09,106,2751,18,2416,"California",42621044,0.2487034339187,0.0422326585899679,"2021-22","Season 2021-22",14,2021,6,"Overall",2022-04-03,1.2,0.1
"CA",2022-04-16,100,2754,3,2435,"California",42621044,0.234625881055377,0.00703877643166132,"2021-22","Season 2021-22",15,2021,6,"Overall",2022-04-10,1.3,0.1
"CA",2022-04-23,165,2751,4,2417,"California",42621044,0.387132703741372,0.00938503524221509,"2021-22","Season 2021-22",16,2021,6,"Overall",2022-04-17,1.5,0.2
"CA",2022-04-30,218,2753,1,2414,"California",42621044,0.511484420700722,0.00234625881055377,"2021-22","Season 2021-22",17,2021,6,"Overall",2022-04-24,1.8,0.3
"CA",2022-05-07,202,2746,4,2400,"California",42621044,0.473944279731862,0.00938503524221509,"2021-22","Season 2021-22",18,2021,6,"Overall",2022-05-01,2,0.2
"CA",2022-05-14,308,2739,3,2384,"California",42621044,0.722647713650562,0.00703877643166132,"2021-22","Season 2021-22",19,2021,6,"Overall",2022-05-08,2.4,0.4
"CA",2022-05-21,386,2756,1,2398,"California",42621044,0.905655900873756,0.00234625881055377,"2021-22","Season 2021-22",20,2021,6,"Overall",2022-05-15,3,0.6
"CA",2022-05-28,405,2754,2,2397,"California",42621044,0.950234818274278,0.00469251762110754,"2021-22","Season 2021-22",21,2021,6,"Overall",2022-05-22,3.9,0.8
"CA",2022-06-04,453,2754,7,2377,"California",42621044,1.06285524118086,0.0164238116738764,"2021-22","Season 2021-22",22,2021,6,"Overall",2022-05-29,4.2,0.3
"CA",2022-06-11,397,2742,6,2401,"California",42621044,0.931464747789848,0.0140775528633226,"2021-22","Season 2021-22",23,2021,6,"Overall",2022-06-05,4.7,0.5
"CO",2021-10-09,6,625,0,625,"Colorado",5326177,0.11265115673024,0,"2021-22","Season 2021-22",40,2021,6,"Overall",2021-10-03,0,0
"CO",2021-10-16,1,628,0,628,"Colorado",5326177,0.0187751927883733,0,"2021-22","Season 2021-22",41,2021,6,"Overall",2021-10-10,0,0
"CO",2021-10-23,4,631,0,631,"Colorado",5326177,0.0751007711534934,0,"2021-22","Season 2021-22",42,2021,6,"Overall",2021-10-17,0.1,0
"CO",2021-10-30,4,630,0,630,"Colorado",5326177,0.0751007711534934,0,"2021-22","Season 2021-22",43,2021,6,"Overall",2021-10-24,0.1,0
"CO",2021-11-06,6,626,0,624,"Colorado",5326177,0.11265115673024,0,"2021-22","Season 2021-22",44,2021,6,"Overall",2021-10-31,0.1,0
"CO",2021-11-13,4,628,0,628,"Colorado",5326177,0.0751007711534934,0,"2021-22","Season 2021-22",45,2021,6,"Overall",2021-11-07,0.2,0
"CO",2021-11-20,4,608,0,608,"Colorado",5326177,0.0751007711534934,0,"2021-22","Season 2021-22",46,2021,6,"Overall",2021-11-14,0.2,0
"CO",2021-11-27,4,592,0,592,"Colorado",5326177,0.0751007711534934,0,"2021-22","Season 2021-22",47,2021,6,"Overall",2021-11-21,0.4,0.1
"CO",2021-12-04,18,595,0,595,"Colorado",5326177,0.33795347019072,0,"2021-22","Season 2021-22",48,2021,6,"Overall",2021-11-28,0.8,0.5
"CO",2021-12-11,30,594,0,594,"Colorado",5326177,0.563255783651201,0,"2021-22","Season 2021-22",49,2021,6,"Overall",2021-12-05,1.4,0.6
"CO",2021-12-18,41,597,0,597,"Colorado",5326177,0.769782904323307,0,"2021-22","Season 2021-22",50,2021,6,"Overall",2021-12-12,2.3,0.9
"CO",2021-12-25,53,598,0,598,"Colorado",5326177,0.995085217783787,0,"2021-22","Season 2021-22",51,2021,6,"Overall",2021-12-19,3,0.7
"CO",2022-01-01,63,597,0,597,"Colorado",5326177,1.18283714566752,0,"2021-22","Season 2021-22",52,2021,6,"Overall",2021-12-26,4.4,1.4
"CO",2022-01-08,27,571,0,536,"Colorado",5326177,0.50693020528608,0,"2021-22","Season 2021-22",1,2021,6,"Overall",2022-01-02,5.6,1.2
"CO",2022-01-15,29,554,0,322,"Colorado",5326177,0.544480590862827,0,"2021-22","Season 2021-22",2,2021,6,"Overall",2022-01-09,6.3,0.7
"CO",2022-01-22,9,641,0,319,"Colorado",5326177,0.16897673509536,0,"2021-22","Season 2021-22",3,2021,6,"Overall",2022-01-16,6.5,0.3
"CO",2022-01-29,11,639,0,298,"Colorado",5326177,0.206527120672107,0,"2021-22","Season 2021-22",4,2021,6,"Overall",2022-01-23,6.6,0.1
"CO",2022-02-05,20,694,0,300,"Colorado",5326177,0.375503855767467,0,"2021-22","Season 2021-22",5,2021,6,"Overall",2022-01-30,6.8,0.1
"CO",2022-02-12,27,711,0,297,"Colorado",5326177,0.50693020528608,0,"2021-22","Season 2021-22",6,2021,6,"Overall",2022-02-06,7,0.2
"CO",2022-02-19,22,711,0,302,"Colorado",5326177,0.413054241344214,0,"2021-22","Season 2021-22",7,2021,6,"Overall",2022-02-13,7.1,0.1
"CO",2022-02-26,27,717,0,301,"Colorado",5326177,0.50693020528608,0,"2021-22","Season 2021-22",8,2021,6,"Overall",2022-02-20,7.3,0.2
"CO",2022-03-05,25,718,0,302,"Colorado",5326177,0.469379819709334,0,"2021-22","Season 2021-22",9,2021,6,"Overall",2022-02-27,7.5,0.2
"CO",2022-03-12,42,706,0,293,"Colorado",5326177,0.788558097111681,0,"2021-22","Season 2021-22",10,2021,6,"Overall",2022-03-06,7.9,0.4
"CO",2022-03-19,60,711,0,300,"Colorado",5326177,1.1265115673024,0,"2021-22","Season 2021-22",11,2021,6,"Overall",2022-03-13,8.5,0.6
"CO",2022-03-26,94,711,0,299,"Colorado",5326177,1.76486812210709,0,"2021-22","Season 2021-22",12,2021,6,"Overall",2022-03-20,10,1.5
"CO",2022-04-02,117,716,0,306,"Colorado",5326177,2.19669755623968,0,"2021-22","Season 2021-22",13,2021,6,"Overall",2022-03-27,11.4,1.4
"CO",2022-04-09,105,716,0,285,"Colorado",5326177,1.9713952427792,0,"2021-22","Season 2021-22",14,2021,6,"Overall",2022-04-03,12.6,1.1
"CO",2022-04-16,146,717,0,278,"Colorado",5326177,2.74117814710251,0,"2021-22","Season 2021-22",15,2021,6,"Overall",2022-04-10,14.95,2.4
"CO",2022-04-23,187,711,0,286,"Colorado",5326177,3.51096105142582,0,"2021-22","Season 2021-22",16,2021,6,"Overall",2022-04-17,17.35,2.4
"CO",2022-04-30,168,721,0,291,"Colorado",5326177,3.15423238844672,0,"2021-22","Season 2021-22",17,2021,6,"Overall",2022-04-24,20.3,2.9
"CO",2022-05-07,260,716,0,287,"Colorado",5326177,4.88155012497707,0,"2021-22","Season 2021-22",18,2021,6,"Overall",2022-05-01,23.05,2.7
"CO",2022-05-14,171,718,0,289,"Colorado",5326177,3.21055796681184,0,"2021-22","Season 2021-22",19,2021,6,"Overall",2022-05-08,24.5,1.5
"CO",2022-05-21,110,717,0,282,"Colorado",5326177,2.06527120672107,0,"2021-22","Season 2021-22",20,2021,6,"Overall",2022-05-15,25.8,1.3
"CO",2022-05-28,91,717,0,294,"Colorado",5326177,1.70854254374197,0,"2021-22","Season 2021-22",21,2021,6,"Overall",2022-05-22,27.05,1.3
"CO",2022-06-04,72,716,0,290,"Colorado",5326177,1.35181388076288,0,"2021-22","Season 2021-22",22,2021,6,"Overall",2022-05-29,27.7,0.6
"CO",2022-06-11,33,717,0,290,"Colorado",5326177,0.619581362016321,0,"2021-22","Season 2021-22",23,2021,6,"Overall",2022-06-05,27.95,0.3
"CT",2021-10-09,0,259,0,259,"Connecticut",3680713,0,0,"2021-22","Season 2021-22",40,2021,6,"Overall",2021-10-03,0,0
"CT",2021-10-16,0,259,0,259,"Connecticut",3680713,0,0,"2021-22","Season 2021-22",41,2021,6,"Overall",2021-10-10,0,0
"CT",2021-10-23,0,255,0,255,"Connecticut",3680713,0,0,"2021-22","Season 2021-22",42,2021,6,"Overall",2021-10-17,0,0
"CT",2021-10-30,0,259,0,259,"Connecticut",3680713,0,0,"2021-22","Season 2021-22",43,2021,6,"Overall",2021-10-24,0,0
"CT",2021-11-06,0,254,0,254,"Connecticut",3680713,0,0,"2021-22","Season 2021-22",44,2021,6,"Overall",2021-10-31,0,0
"CT",2021-11-13,0,259,0,259,"Connecticut",3680713,0,0,"2021-22","Season 2021-22",45,2021,6,"Overall",2021-11-07,0.1,0.1
"CT",2021-11-20,2,254,0,259,"Connecticut",3680713,0.0543372982354234,0,"2021-22","Season 2021-22",46,2021,6,"Overall",2021-11-14,0.1,0
"CT",2021-11-27,3,259,0,259,"Connecticut",3680713,0.0815059473531351,0,"2021-22","Season 2021-22",47,2021,6,"Overall",2021-11-21,0.4,0.3
"CT",2021-12-04,14,254,0,254,"Connecticut",3680713,0.380361087647964,0,"2021-22","Season 2021-22",48,2021,6,"Overall",2021-11-28,0.8,0.4
"CT",2021-12-11,16,254,0,254,"Connecticut",3680713,0.434698385883387,0,"2021-22","Season 2021-22",49,2021,6,"Overall",2021-12-05,1.6,0.8
"CT",2021-12-18,16,252,0,252,"Connecticut",3680713,0.434698385883387,0,"2021-22","Season 2021-22",50,2021,6,"Overall",2021-12-12,2.3,0.7
"CT",2021-12-25,25,256,1,256,"Connecticut",3680713,0.679216227942793,0.0271686491177117,"2021-22","Season 2021-22",51,2021,6,"Overall",2021-12-19,2.8,0.5
"CT",2022-01-01,21,254,0,254,"Connecticut",3680713,0.570541631471946,0,"2021-22","Season 2021-22",52,2021,6,"Overall",2021-12-26,3.8,1.1
"CT",2022-01-08,8,258,0,245,"Connecticut",3680713,0.217349192941694,0,"2021-22","Season 2021-22",1,2021,6,"Overall",2022-01-02,4.3,0.5
"CT",2022-01-15,2,260,0,219,"Connecticut",3680713,0.0543372982354234,0,"2021-22","Season 2021-22",2,2021,6,"Overall",2022-01-09,4.4,0.1
"CT",2022-01-22,11,259,0,90,"Connecticut",3680713,0.298855140294829,0,"2021-22","Season 2021-22",3,2021,6,"Overall",2022-01-16,4.5,0.1
"CT",2022-01-29,2,253,0,73,"Connecticut",3680713,0.0543372982354234,0,"2021-22","Season 2021-22",4,2021,6,"Overall",2022-01-23,4.5,0
"CT",2022-02-05,4,259,0,82,"Connecticut",3680713,0.108674596470847,0,"2021-22","Season 2021-22",5,2021,6,"Overall",2022-01-30,4.9,0.4
"CT",2022-02-12,0,259,0,43,"Connecticut",3680713,0,0,"2021-22","Season 2021-22",6,2021,6,"Overall",2022-02-06,4.9,0
"CT",2022-02-19,1,259,0,54,"Connecticut",3680713,0.0271686491177117,0,"2021-22","Season 2021-22",7,2021,6,"Overall",2022-02-13,4.9,0
"CT",2022-02-26,7,259,0,59,"Connecticut",3680713,0.190180543823982,0,"2021-22","Season 2021-22",8,2021,6,"Overall",2022-02-20,5.1,0.2
"CT",2022-03-05,7,259,0,54,"Connecticut",3680713,0.190180543823982,0,"2021-22","Season 2021-22",9,2021,6,"Overall",2022-02-27,5.4,0.3
"CT",2022-03-12,6,259,0,59,"Connecticut",3680713,0.16301189470627,0,"2021-22","Season 2021-22",10,2021,6,"Overall",2022-03-06,5.9,0.5
"CT",2022-03-19,18,259,0,57,"Connecticut",3680713,0.489035684118811,0,"2021-22","Season 2021-22",11,2021,6,"Overall",2022-03-13,6.5,0.6
"CT",2022-03-26,25,259,0,52,"Connecticut",3680713,0.679216227942793,0,"2021-22","Season 2021-22",12,2021,6,"Overall",2022-03-20,7.5,1
"CT",2022-04-02,30,259,0,50,"Connecticut",3680713,0.815059473531351,0,"2021-22","Season 2021-22",13,2021,6,"Overall",2022-03-27,8.65,1.15
"CT",2022-04-09,44,259,0,45,"Connecticut",3680713,1.19542056117931,0,"2021-22","Season 2021-22",14,2021,6,"Overall",2022-04-03,10.3,1.65
"CT",2022-04-16,51,259,0,38,"Connecticut",3680713,1.3856011050033,0,"2021-22","Season 2021-22",15,2021,6,"Overall",2022-04-10,12.65,2.45
"CT",2022-04-23,50,259,0,40,"Connecticut",3680713,1.35843245588559,0,"2021-22","Season 2021-22",16,2021,6,"Overall",2022-04-17,14.95,2.3
"CT",2022-04-30,57,259,0,40,"Connecticut",3680713,1.54861299970957,0,"2021-22","Season 2021-22",17,2021,6,"Overall",2022-04-24,17.25,2.3
"CT",2022-05-07,76,259,0,40,"Connecticut",3680713,2.06481733294609,0,"2021-22","Season 2021-22",18,2021,6,"Overall",2022-05-01,20.05,2.9
"CT",2022-05-14,79,259,0,40,"Connecticut",3680713,2.14632328029922,0,"2021-22","Season 2021-22",19,2021,6,"Overall",2022-05-08,23.35,3.3
"CT",2022-05-21,63,254,0,34,"Connecticut",3680713,1.71162489441584,0,"2021-22","Season 2021-22",20,2021,6,"Overall",2022-05-15,23.95,0.6
"CT",2022-05-28,34,254,0,34,"Connecticut",3680713,0.923734070002198,0,"2021-22","Season 2021-22",21,2021,6,"Overall",2022-05-22,24.95,1
"CT",2022-06-04,20,259,0,35,"Connecticut",3680713,0.543372982354234,0,"2021-22","Season 2021-22",22,2021,6,"Overall",2022-05-29,25.55,0.6
"CT",2022-06-11,37,259,0,40,"Connecticut",3680713,1.00524001735533,0,"2021-22","Season 2021-22",23,2021,6,"Overall",2022-06-05,25.7,0.2
"GA",2021-10-09,4,1015,1,1015,"Georgia",10963625,0.0364842832548541,0.00912107081371353,"2021-22","Season 2021-22",40,2021,6,"Overall",2021-10-03,0,0
"GA",2021-10-16,9,1014,1,1014,"Georgia",10963625,0.0820896373234218,0.00912107081371353,"2021-22","Season 2021-22",41,2021,6,"Overall",2021-10-10,0,0
"GA",2021-10-23,21,1015,0,1015,"Georgia",10963625,0.191542487087984,0,"2021-22","Season 2021-22",42,2021,6,"Overall",2021-10-17,0,0
"GA",2021-10-30,22,1012,1,1012,"Georgia",10963625,0.200663557901698,0.00912107081371353,"2021-22","Season 2021-22",43,2021,6,"Overall",2021-10-24,0.1,0
"GA",2021-11-06,24,1018,0,1018,"Georgia",10963625,0.218905699529125,0,"2021-22","Season 2021-22",44,2021,6,"Overall",2021-10-31,0.1,0
"GA",2021-11-13,32,1022,1,1023,"Georgia",10963625,0.291874266038833,0.00912107081371353,"2021-22","Season 2021-22",45,2021,6,"Overall",2021-11-07,0.2,0.1
"GA",2021-11-20,22,1012,1,1012,"Georgia",10963625,0.200663557901698,0.00912107081371353,"2021-22","Season 2021-22",46,2021,6,"Overall",2021-11-14,0.4,0.1
"GA",2021-11-27,21,996,1,996,"Georgia",10963625,0.191542487087984,0.00912107081371353,"2021-22","Season 2021-22",47,2021,6,"Overall",2021-11-21,0.6,0.3
"GA",2021-12-04,39,1025,2,1025,"Georgia",10963625,0.355721761734828,0.0182421416274271,"2021-22","Season 2021-22",48,2021,6,"Overall",2021-11-28,1,0.3
"GA",2021-12-11,52,1015,2,1015,"Georgia",10963625,0.474295682313104,0.0182421416274271,"2021-22","Season 2021-22",49,2021,6,"Overall",2021-12-05,1.2,0.3
"GA",2021-12-18,48,1014,0,1014,"Georgia",10963625,0.437811399058249,0,"2021-22","Season 2021-22",50,2021,6,"Overall",2021-12-12,1.9,0.7
"GA",2021-12-25,48,1013,0,1013,"Georgia",10963625,0.437811399058249,0,"2021-22","Season 2021-22",51,2021,6,"Overall",2021-12-19,2.5,0.6
"GA",2022-01-01,69,1007,1,1006,"Georgia",10963625,0.629353886146234,0.00912107081371353,"2021-22","Season 2021-22",52,2021,6,"Overall",2021-12-26,3.3,0.8
"GA",2022-01-08,37,1016,1,996,"Georgia",10963625,0.337479620107401,0.00912107081371353,"2021-22","Season 2021-22",1,2021,6,"Overall",2022-01-02,3.6,0.3
"GA",2022-01-15,31,1038,1,888,"Georgia",10963625,0.282753195225119,0.00912107081371353,"2021-22","Season 2021-22",2,2021,6,"Overall",2022-01-09,3.7,0.1
"GA",2022-01-22,51,1001,0,810,"Georgia",10963625,0.46517461149939,0,"2021-22","Season 2021-22",3,2021,6,"Overall",2022-01-16,3.8,0.1
"GA",2022-01-29,35,987,2,793,"Georgia",10963625,0.319237478479974,0.0182421416274271,"2021-22","Season 2021-22",4,2021,6,"Overall",2022-01-23,4.1,0.3
"GA",2022-02-05,45,1110,0,867,"Georgia",10963625,0.410448186617109,0,"2021-22","Season 2021-22",5,2021,6,"Overall",2022-01-30,4.2,0.1
"GA",2022-02-12,38,1154,0,887,"Georgia",10963625,0.346600690921114,0,"2021-22","Season 2021-22",6,2021,6,"Overall",2022-02-06,4.6,0.4
"GA",2022-02-19,45,1157,0,900,"Georgia",10963625,0.410448186617109,0,"2021-22","Season 2021-22",7,2021,6,"Overall",2022-02-13,5,0.5
"GA",2022-02-26,35,1249,0,1002,"Georgia",10963625,0.319237478479974,0,"2021-22","Season 2021-22",8,2021,6,"Overall",2022-02-20,5.5,0.4
"GA",2022-03-05,28,1156,0,887,"Georgia",10963625,0.255389982783979,0,"2021-22","Season 2021-22",9,2021,6,"Overall",2022-02-27,5.9,0.4
"GA",2022-03-12,37,1156,1,918,"Georgia",10963625,0.337479620107401,0.00912107081371353,"2021-22","Season 2021-22",10,2021,6,"Overall",2022-03-06,6.3,0.5
"GA",2022-03-19,34,1171,0,905,"Georgia",10963625,0.31011640766626,0,"2021-22","Season 2021-22",11,2021,6,"Overall",2022-03-13,6.7,0.3
"GA",2022-03-26,33,1147,0,878,"Georgia",10963625,0.300995336852546,0,"2021-22","Season 2021-22",12,2021,6,"Overall",2022-03-20,7.1,0.4
"GA",2022-04-02,46,1151,0,875,"Georgia",10963625,0.419569257430822,0,"2021-22","Season 2021-22",13,2021,6,"Overall",2022-03-27,7.6,0.6
"GA",2022-04-09,31,1155,0,878,"Georgia",10963625,0.282753195225119,0,"2021-22","Season 2021-22",14,2021,6,"Overall",2022-04-03,8.2,0.6
"GA",2022-04-16,41,1145,1,869,"Georgia",10963625,0.373963903362255,0.00912107081371353,"2021-22","Season 2021-22",15,2021,6,"Overall",2022-04-10,9,0.7
"GA",2022-04-23,44,1155,0,854,"Georgia",10963625,0.401327115803395,0,"2021-22","Season 2021-22",16,2021,6,"Overall",2022-04-17,9.5,0.6
"GA",2022-04-30,41,1145,0,863,"Georgia",10963625,0.373963903362255,0,"2021-22","Season 2021-22",17,2021,6,"Overall",2022-04-24,10.2,0.7
"GA",2022-05-07,43,1147,0,866,"Georgia",10963625,0.392206044989682,0,"2021-22","Season 2021-22",18,2021,6,"Overall",2022-05-01,10.8,0.6
"GA",2022-05-14,43,1150,0,884,"Georgia",10963625,0.392206044989682,0,"2021-22","Season 2021-22",19,2021,6,"Overall",2022-05-08,11.5,0.6
"GA",2022-05-21,50,1144,0,866,"Georgia",10963625,0.456053540685676,0,"2021-22","Season 2021-22",20,2021,6,"Overall",2022-05-15,12.1,0.6
"GA",2022-05-28,64,1140,0,856,"Georgia",10963625,0.583748532077666,0,"2021-22","Season 2021-22",21,2021,6,"Overall",2022-05-22,12.7,0.7
"GA",2022-06-04,63,1141,1,855,"Georgia",10963625,0.574627461263952,0.00912107081371353,"2021-22","Season 2021-22",22,2021,6,"Overall",2022-05-29,13.4,0.6
"GA",2022-06-11,38,1139,0,863,"Georgia",10963625,0.346600690921114,0,"2021-22","Season 2021-22",23,2021,6,"Overall",2022-06-05,13.7,0.4
"IA",2021-10-09,0,217,0,216,"Iowa",3016578,0,0,"2021-22","Season 2021-22",40,2021,6,"Overall",2021-10-03,0,0
"IA",2021-10-16,0,216,0,215,"Iowa",3016578,0,0,"2021-22","Season 2021-22",41,2021,6,"Overall",2021-10-10,0,0
"IA",2021-10-23,0,218,0,218,"Iowa",3016578,0,0,"2021-22","Season 2021-22",42,2021,6,"Overall",2021-10-17,0,0
"IA",2021-10-30,0,178,0,178,"Iowa",3016578,0,0,"2021-22","Season 2021-22",43,2021,6,"Overall",2021-10-24,0,0
"IA",2021-11-06,1,165,0,166,"Iowa",3016578,0.0331501456285897,0,"2021-22","Season 2021-22",44,2021,6,"Overall",2021-10-31,0,0
"IA",2021-11-13,1,222,0,222,"Iowa",3016578,0.0331501456285897,0,"2021-22","Season 2021-22",45,2021,6,"Overall",2021-11-07,0,0
"IA",2021-11-20,0,200,0,200,"Iowa",3016578,0,0,"2021-22","Season 2021-22",46,2021,6,"Overall",2021-11-14,0,0
"IA",2021-11-27,3,203,0,204,"Iowa",3016578,0.0994504368857692,0,"2021-22","Season 2021-22",47,2021,6,"Overall",2021-11-21,0,0
"IA",2021-12-04,0,188,0,188,"Iowa",3016578,0,0,"2021-22","Season 2021-22",48,2021,6,"Overall",2021-11-28,0,0
"IA",2021-12-11,4,215,0,214,"Iowa",3016578,0.132600582514359,0,"2021-22","Season 2021-22",49,2021,6,"Overall",2021-12-05,1.5,1.5
"IA",2021-12-18,2,204,0,202,"Iowa",3016578,0.0663002912571795,0,"2021-22","Season 2021-22",50,2021,6,"Overall",2021-12-12,1.5,0
"IA",2021-12-25,5,205,0,204,"Iowa",3016578,0.165750728142949,0,"2021-22","Season 2021-22",51,2021,6,"Overall",2021-12-19,4.6,3.1
"IA",2022-01-01,13,219,1,218,"Iowa",3016578,0.430951893171667,0.0331501456285897,"2021-22","Season 2021-22",52,2021,6,"Overall",2021-12-26,6.1,1.5
"IA",2022-01-08,15,216,0,213,"Iowa",3016578,0.497252184428846,0,"2021-22","Season 2021-22",1,2021,6,"Overall",2022-01-02,6.1,0
"IA",2022-01-15,11,225,0,214,"Iowa",3016578,0.364651601914487,0,"2021-22","Season 2021-22",2,2021,6,"Overall",2022-01-09,6.9,0.8
"IA",2022-01-22,12,224,1,221,"Iowa",3016578,0.397801747543077,0.0331501456285897,"2021-22","Season 2021-22",3,2021,6,"Overall",2022-01-16,8.4,1.5
"IA",2022-01-29,7,223,0,216,"Iowa",3016578,0.232051019400128,0,"2021-22","Season 2021-22",4,2021,6,"Overall",2022-01-23,8.4,0
"IA",2022-02-05,17,675,0,203,"Iowa",3016578,0.563552475686026,0,"2021-22","Season 2021-22",5,2021,6,"Overall",2022-01-30,8.4,0
"IA",2022-02-12,52,860,0,256,"Iowa",3016578,1.72380757268667,0,"2021-22","Season 2021-22",6,2021,6,"Overall",2022-02-06,8.4,0
"IA",2022-02-19,44,860,0,254,"Iowa",3016578,1.45860640765795,0,"2021-22","Season 2021-22",7,2021,6,"Overall",2022-02-13,8.4,0
"IA",2022-02-26,62,855,0,225,"Iowa",3016578,2.05530902897256,0,"2021-22","Season 2021-22",8,2021,6,"Overall",2022-02-20,10.7,2.3
"IA",2022-03-05,57,859,0,196,"Iowa",3016578,1.88955830082962,0,"2021-22","Season 2021-22",9,2021,6,"Overall",2022-02-27,13,2.3
"IA",2022-03-12,61,860,0,205,"Iowa",3016578,2.02215888334397,0,"2021-22","Season 2021-22",10,2021,6,"Overall",2022-03-06,14.5,1.5
"IA",2022-03-19,43,860,1,214,"Iowa",3016578,1.42545626202936,0.0331501456285897,"2021-22","Season 2021-22",11,2021,6,"Overall",2022-03-13,15.3,0.8
"IA",2022-03-26,42,860,0,200,"Iowa",3016578,1.39230611640077,0,"2021-22","Season 2021-22",12,2021,6,"Overall",2022-03-20,15.3,0
"IA",2022-04-02,37,860,0,200,"Iowa",3016578,1.22655538825782,0,"2021-22","Season 2021-22",13,2021,6,"Overall",2022-03-27,15.3,0
"IA",2022-04-09,21,860,0,197,"Iowa",3016578,0.696153058200385,0,"2021-22","Season 2021-22",14,2021,6,"Overall",2022-04-03,15.3,0
"IA",2022-04-16,28,854,0,191,"Iowa",3016578,0.928204077600513,0,"2021-22","Season 2021-22",15,2021,6,"Overall",2022-04-10,16.8,1.5
"IA",2022-04-23,20,853,0,191,"Iowa",3016578,0.663002912571795,0,"2021-22","Season 2021-22",16,2021,6,"Overall",2022-04-17,16.8,0
"IA",2022-04-30,15,853,0,189,"Iowa",3016578,0.497252184428846,0,"2021-22","Season 2021-22",17,2021,6,"Overall",2022-04-24,16.8,0
"IA",2022-05-07,21,856,0,188,"Iowa",3016578,0.696153058200385,0,"2021-22","Season 2021-22",18,2021,6,"Overall",2022-05-01,16.8,0
"IA",2022-05-14,17,860,1,197,"Iowa",3016578,0.563552475686026,0.0331501456285897,"2021-22","Season 2021-22",19,2021,6,"Overall",2022-05-08,16.8,0
"IA",2022-05-21,10,858,0,188,"Iowa",3016578,0.331501456285897,0,"2021-22","Season 2021-22",20,2021,6,"Overall",2022-05-15,16.8,0
"IA",2022-05-28,6,860,0,199,"Iowa",3016578,0.198900873771538,0,"2021-22","Season 2021-22",21,2021,6,"Overall",2022-05-22,16.8,0
"IA",2022-06-04,5,859,0,189,"Iowa",3016578,0.165750728142949,0,"2021-22","Season 2021-22",22,2021,6,"Overall",2022-05-29,16.8,0
"IA",2022-06-11,10,858,0,187,"Iowa",3016578,0.331501456285897,0,"2021-22","Season 2021-22",23,2021,6,"Overall",2022-06-05,16.8,0
"MD",2021-10-09,2,320,0,320,"Maryland",6552328,0.0305235024864445,0,"2021-22","Season 2021-22",40,2021,6,"Overall",2021-10-03,0,0
"MD",2021-10-16,5,319,0,319,"Maryland",6552328,0.0763087562161113,0,"2021-22","Season 2021-22",41,2021,6,"Overall",2021-10-10,0.1,0.1
"MD",2021-10-23,6,314,0,314,"Maryland",6552328,0.0915705074593335,0,"2021-22","Season 2021-22",42,2021,6,"Overall",2021-10-17,0.1,0
"MD",2021-10-30,7,314,0,314,"Maryland",6552328,0.106832258702556,0,"2021-22","Season 2021-22",43,2021,6,"Overall",2021-10-24,0.1,0
"MD",2021-11-06,4,313,0,313,"Maryland",6552328,0.061047004972889,0,"2021-22","Season 2021-22",44,2021,6,"Overall",2021-10-31,0.1,0.1
"MD",2021-11-13,8,316,0,316,"Maryland",6552328,0.122094009945778,0,"2021-22","Season 2021-22",45,2021,6,"Overall",2021-11-07,0.1,0
"MD",2021-11-20,3,313,0,313,"Maryland",6552328,0.0457852537296668,0,"2021-22","Season 2021-22",46,2021,6,"Overall",2021-11-14,0.2,0
"MD",2021-11-27,5,314,0,314,"Maryland",6552328,0.0763087562161113,0,"2021-22","Season 2021-22",47,2021,6,"Overall",2021-11-21,0.3,0.1
"MD",2021-12-04,9,315,0,314,"Maryland",6552328,0.137355761189,0,"2021-22","Season 2021-22",48,2021,6,"Overall",2021-11-28,0.6,0.3
"MD",2021-12-11,5,315,0,315,"Maryland",6552328,0.0763087562161113,0,"2021-22","Season 2021-22",49,2021,6,"Overall",2021-12-05,1.3,0.8
"MD",2021-12-18,34,315,0,315,"Maryland",6552328,0.518899542269557,0,"2021-22","Season 2021-22",50,2021,6,"Overall",2021-12-12,2.2,0.8
"MD",2021-12-25,31,310,0,310,"Maryland",6552328,0.47311428853989,0,"2021-22","Season 2021-22",51,2021,6,"Overall",2021-12-19,3,0.8
"MD",2022-01-01,10,316,0,316,"Maryland",6552328,0.152617512432223,0,"2021-22","Season 2021-22",52,2021,6,"Overall",2021-12-26,4,1
"MD",2022-01-08,9,314,1,282,"Maryland",6552328,0.137355761189,0.0152617512432223,"2021-22","Season 2021-22",1,2021,6,"Overall",2022-01-02,4.8,0.8
"MD",2022-01-15,17,314,7,138,"Maryland",6552328,0.259449771134778,0.106832258702556,"2021-22","Season 2021-22",2,2021,6,"Overall",2022-01-09,5.1,0.3
"MD",2022-01-22,4,334,6,127,"Maryland",6552328,0.061047004972889,0.0915705074593335,"2021-22","Season 2021-22",3,2021,6,"Overall",2022-01-16,5.2,0.1
"MD",2022-01-29,9,350,9,131,"Maryland",6552328,0.137355761189,0.137355761189,"2021-22","Season 2021-22",4,2021,6,"Overall",2022-01-23,5.3,0.1
"MD",2022-02-05,11,385,2,114,"Maryland",6552328,0.167879263675445,0.0305235024864445,"2021-22","Season 2021-22",5,2021,6,"Overall",2022-01-30,5.5,0.1
"MD",2022-02-12,8,399,6,109,"Maryland",6552328,0.122094009945778,0.0915705074593335,"2021-22","Season 2021-22",6,2021,6,"Overall",2022-02-06,5.7,0.2
"MD",2022-02-19,12,399,4,125,"Maryland",6552328,0.183141014918667,0.061047004972889,"2021-22","Season 2021-22",7,2021,6,"Overall",2022-02-13,5.9,0.3
"MD",2022-02-26,17,399,5,124,"Maryland",6552328,0.259449771134778,0.0763087562161113,"2021-22","Season 2021-22",8,2021,6,"Overall",2022-02-20,6.3,0.4
"MD",2022-03-05,21,399,4,121,"Maryland",6552328,0.320496776107667,0.061047004972889,"2021-22","Season 2021-22",9,2021,6,"Overall",2022-02-27,6.7,0.4
"MD",2022-03-12,18,399,5,126,"Maryland",6552328,0.274711522378001,0.0763087562161113,"2021-22","Season 2021-22",10,2021,6,"Overall",2022-03-06,7.1,0.4
"MD",2022-03-19,30,399,5,119,"Maryland",6552328,0.457852537296668,0.0763087562161113,"2021-22","Season 2021-22",11,2021,6,"Overall",2022-03-13,7.3,0.3
"MD",2022-03-26,28,399,2,120,"Maryland",6552328,0.427329034810223,0.0305235024864445,"2021-22","Season 2021-22",12,2021,6,"Overall",2022-03-20,7.9,0.5
"MD",2022-04-02,31,399,1,106,"Maryland",6552328,0.47311428853989,0.0152617512432223,"2021-22","Season 2021-22",13,2021,6,"Overall",2022-03-27,8.6,0.8
"MD",2022-04-09,57,399,0,95,"Maryland",6552328,0.869919820863669,0,"2021-22","Season 2021-22",14,2021,6,"Overall",2022-04-03,9.7,1.1
"MD",2022-04-16,48,399,2,96,"Maryland",6552328,0.732564059674668,0.0305235024864445,"2021-22","Season 2021-22",15,2021,6,"Overall",2022-04-10,10.8,1.1
"MD",2022-04-23,43,399,2,102,"Maryland",6552328,0.656255303458557,0.0305235024864445,"2021-22","Season 2021-22",16,2021,6,"Overall",2022-04-17,11.6,0.9
"MD",2022-04-30,57,399,3,98,"Maryland",6552328,0.869919820863669,0.0457852537296668,"2021-22","Season 2021-22",17,2021,6,"Overall",2022-04-24,12.4,0.7
"MD",2022-05-07,46,399,2,109,"Maryland",6552328,0.702040557188224,0.0305235024864445,"2021-22","Season 2021-22",18,2021,6,"Overall",2022-05-01,13.3,0.9
"MD",2022-05-14,61,399,4,104,"Maryland",6552328,0.930966825836558,0.061047004972889,"2021-22","Season 2021-22",19,2021,6,"Overall",2022-05-08,14.1,0.8
"MD",2022-05-21,46,399,4,105,"Maryland",6552328,0.702040557188224,0.061047004972889,"2021-22","Season 2021-22",20,2021,6,"Overall",2022-05-15,14.6,0.5
"MD",2022-05-28,32,399,6,106,"Maryland",6552328,0.488376039783112,0.0915705074593335,"2021-22","Season 2021-22",21,2021,6,"Overall",2022-05-22,14.9,0.3
"MD",2022-06-04,18,399,5,116,"Maryland",6552328,0.274711522378001,0.0763087562161113,"2021-22","Season 2021-22",22,2021,6,"Overall",2022-05-29,15.2,0.3
"MD",2022-06-11,20,399,3,114,"Maryland",6552328,0.305235024864445,0.0457852537296668,"2021-22","Season 2021-22",23,2021,6,"Overall",2022-06-05,15.3,0.1
"MI",2021-10-09,4,1096,0,1096,"Michigan",10705348,0.0373645023029611,0,"2021-22","Season 2021-22",40,2021,6,"Overall",2021-10-03,0,0
"MI",2021-10-16,3,1100,1,1100,"Michigan",10705348,0.0280233767272208,0.00934112557574028,"2021-22","Season 2021-22",41,2021,6,"Overall",2021-10-10,0.1,0.1
"MI",2021-10-23,3,1097,1,1097,"Michigan",10705348,0.0280233767272208,0.00934112557574028,"2021-22","Season 2021-22",42,2021,6,"Overall",2021-10-17,0.1,0
"MI",2021-10-30,0,1104,0,1104,"Michigan",10705348,0,0,"2021-22","Season 2021-22",43,2021,6,"Overall",2021-10-24,0.1,0
"MI",2021-11-06,1,1097,1,1097,"Michigan",10705348,0.00934112557574028,0.00934112557574028,"2021-22","Season 2021-22",44,2021,6,"Overall",2021-10-31,0.2,0.1
"MI",2021-11-13,6,1101,0,1101,"Michigan",10705348,0.0560467534544416,0,"2021-22","Season 2021-22",45,2021,6,"Overall",2021-11-07,0.2,0
"MI",2021-11-20,6,1103,1,1103,"Michigan",10705348,0.0560467534544416,0.00934112557574028,"2021-22","Season 2021-22",46,2021,6,"Overall",2021-11-14,0.5,0.3
"MI",2021-11-27,28,1093,0,1093,"Michigan",10705348,0.261551516120728,0,"2021-22","Season 2021-22",47,2021,6,"Overall",2021-11-21,0.6,0.1
"MI",2021-12-04,27,1088,4,1088,"Michigan",10705348,0.252210390544987,0.0373645023029611,"2021-22","Season 2021-22",48,2021,6,"Overall",2021-11-28,0.7,0.2
"MI",2021-12-11,58,1091,0,1091,"Michigan",10705348,0.541785283392936,0,"2021-22","Season 2021-22",49,2021,6,"Overall",2021-12-05,1.5,0.8
"MI",2021-12-18,56,1087,0,1087,"Michigan",10705348,0.523103032241455,0,"2021-22","Season 2021-22",50,2021,6,"Overall",2021-12-12,2.3,0.8
"MI",2021-12-25,68,1090,3,1090,"Michigan",10705348,0.635196539150339,0.0280233767272208,"2021-22","Season 2021-22",51,2021,6,"Overall",2021-12-19,2.6,0.3
"MI",2022-01-01,102,1092,0,1092,"Michigan",10705348,0.952794808725508,0,"2021-22","Season 2021-22",52,2021,6,"Overall",2021-12-26,3.7,1
"MI",2022-01-08,57,1098,1,1086,"Michigan",10705348,0.532444157817196,0.00934112557574028,"2021-22","Season 2021-22",1,2021,6,"Overall",2022-01-02,4.3,0.6
"MI",2022-01-15,46,1099,4,1016,"Michigan",10705348,0.429691776484053,0.0373645023029611,"2021-22","Season 2021-22",2,2021,6,"Overall",2022-01-09,5,0.7
"MI",2022-01-22,31,1093,0,1010,"Michigan",10705348,0.289574892847949,0,"2021-22","Season 2021-22",3,2021,6,"Overall",2022-01-16,5.4,0.4
"MI",2022-01-29,31,1090,2,1010,"Michigan",10705348,0.289574892847949,0.0186822511514806,"2021-22","Season 2021-22",4,2021,6,"Overall",2022-01-23,5.6,0.2
"MI",2022-02-05,32,1099,0,369,"Michigan",10705348,0.298916018423689,0,"2021-22","Season 2021-22",5,2021,6,"Overall",2022-01-30,5.7,0.1
"MI",2022-02-12,40,1110,0,265,"Michigan",10705348,0.373645023029611,0,"2021-22","Season 2021-22",6,2021,6,"Overall",2022-02-06,5.9,0.2
"MI",2022-02-19,52,1110,1,275,"Michigan",10705348,0.485738529938494,0.00934112557574028,"2021-22","Season 2021-22",7,2021,6,"Overall",2022-02-13,6.2,0.3
"MI",2022-02-26,55,1108,0,278,"Michigan",10705348,0.513761906665715,0,"2021-22","Season 2021-22",8,2021,6,"Overall",2022-02-20,6.5,0.2
"MI",2022-03-05,82,1098,0,279,"Michigan",10705348,0.765972297210703,0,"2021-22","Season 2021-22",9,2021,6,"Overall",2022-02-27,6.9,0.4
"MI",2022-03-12,92,1102,0,280,"Michigan",10705348,0.859383552968105,0,"2021-22","Season 2021-22",10,2021,6,"Overall",2022-03-06,7.5,0.6
"MI",2022-03-19,131,1103,0,260,"Michigan",10705348,1.22368745042198,0,"2021-22","Season 2021-22",11,2021,6,"Overall",2022-03-13,8.4,0.9
"MI",2022-03-26,125,1109,0,234,"Michigan",10705348,1.16764069696753,0,"2021-22","Season 2021-22",12,2021,6,"Overall",2022-03-20,9.3,1
"MI",2022-04-02,173,1104,0,237,"Michigan",10705348,1.61601472460307,0,"2021-22","Season 2021-22",13,2021,6,"Overall",2022-03-27,10.7,1.4
"MI",2022-04-09,176,1103,0,223,"Michigan",10705348,1.64403810133029,0,"2021-22","Season 2021-22",14,2021,6,"Overall",2022-04-03,12.1,1.4
"MI",2022-04-16,139,1091,0,223,"Michigan",10705348,1.2984164550279,0,"2021-22","Season 2021-22",15,2021,6,"Overall",2022-04-10,13.2,1.1
"MI",2022-04-23,147,1100,0,219,"Michigan",10705348,1.37314545963382,0,"2021-22","Season 2021-22",16,2021,6,"Overall",2022-04-17,14.25,1.05
"MI",2022-04-30,140,1102,0,225,"Michigan",10705348,1.30775758060364,0,"2021-22","Season 2021-22",17,2021,6,"Overall",2022-04-24,14.9,0.6
"MI",2022-05-07,174,1096,1,219,"Michigan",10705348,1.62535585017881,0.00934112557574028,"2021-22","Season 2021-22",18,2021,6,"Overall",2022-05-01,16.85,1.9
"MI",2022-05-14,184,1093,0,219,"Michigan",10705348,1.71876710593621,0,"2021-22","Season 2021-22",19,2021,6,"Overall",2022-05-08,18.15,1.4
"MI",2022-05-21,133,1090,0,221,"Michigan",10705348,1.24236970157346,0,"2021-22","Season 2021-22",20,2021,6,"Overall",2022-05-15,19.15,1
"MI",2022-05-28,89,1092,0,220,"Michigan",10705348,0.831360176240884,0,"2021-22","Season 2021-22",21,2021,6,"Overall",2022-05-22,19.55,0.4
"MI",2022-06-04,57,1087,0,218,"Michigan",10705348,0.532444157817196,0,"2021-22","Season 2021-22",22,2021,6,"Overall",2022-05-29,20.15,0.6
"MI",2022-06-11,39,1092,0,219,"Michigan",10705348,0.364303897453871,0,"2021-22","Season 2021-22",23,2021,6,"Overall",2022-06-05,20.85,0.6
"MN",2021-10-09,1,941,2,941,"Minnesota",5944197,0.0168231301889894,0.0336462603779787,"2021-22","Season 2021-22",40,2021,6,"Overall",2021-10-03,0,0
"MN",2021-10-16,1,941,0,941,"Minnesota",5944197,0.0168231301889894,0,"2021-22","Season 2021-22",41,2021,6,"Overall",2021-10-10,0,0
"MN",2021-10-23,1,940,1,940,"Minnesota",5944197,0.0168231301889894,0.0168231301889894,"2021-22","Season 2021-22",42,2021,6,"Overall",2021-10-17,0.1,0
"MN",2021-10-30,3,941,0,941,"Minnesota",5944197,0.0504693905669681,0,"2021-22","Season 2021-22",43,2021,6,"Overall",2021-10-24,0.1,0.1
"MN",2021-11-06,1,941,0,941,"Minnesota",5944197,0.0168231301889894,0,"2021-22","Season 2021-22",44,2021,6,"Overall",2021-10-31,0.1,0
"MN",2021-11-13,0,941,0,941,"Minnesota",5944197,0,0,"2021-22","Season 2021-22",45,2021,6,"Overall",2021-11-07,0.2,0
"MN",2021-11-20,2,942,0,942,"Minnesota",5944197,0.0336462603779787,0,"2021-22","Season 2021-22",46,2021,6,"Overall",2021-11-14,0.2,0.1
"MN",2021-11-27,2,941,0,941,"Minnesota",5944197,0.0336462603779787,0,"2021-22","Season 2021-22",47,2021,6,"Overall",2021-11-21,0.3,0
"MN",2021-12-04,15,941,0,941,"Minnesota",5944197,0.25234695283484,0,"2021-22","Season 2021-22",48,2021,6,"Overall",2021-11-28,0.6,0.3
"MN",2021-12-11,28,941,1,941,"Minnesota",5944197,0.471047645291702,0.0168231301889894,"2021-22","Season 2021-22",49,2021,6,"Overall",2021-12-05,1.1,0.6
"MN",2021-12-18,42,941,0,941,"Minnesota",5944197,0.706571467937553,0,"2021-22","Season 2021-22",50,2021,6,"Overall",2021-12-12,2,0.9
"MN",2021-12-25,75,945,1,945,"Minnesota",5944197,1.2617347641742,0.0168231301889894,"2021-22","Season 2021-22",51,2021,6,"Overall",2021-12-19,3.7,1.7
"MN",2022-01-01,112,948,2,948,"Minnesota",5944197,1.88419058116681,0.0336462603779787,"2021-22","Season 2021-22",52,2021,6,"Overall",2021-12-26,5.6,1.9
"MN",2022-01-08,103,948,6,948,"Minnesota",5944197,1.7327824094659,0.100938781133936,"2021-22","Season 2021-22",1,2021,6,"Overall",2022-01-02,6.9,1.3
"MN",2022-01-15,61,948,1,948,"Minnesota",5944197,1.02621094152835,0.0168231301889894,"2021-22","Season 2021-22",2,2021,6,"Overall",2022-01-09,7.7,0.8
"MN",2022-01-22,43,948,0,948,"Minnesota",5944197,0.723394598126542,0,"2021-22","Season 2021-22",3,2021,6,"Overall",2022-01-16,8.2,0.5
"MN",2022-01-29,18,949,0,875,"Minnesota",5944197,0.302816343401809,0,"2021-22","Season 2021-22",4,2021,6,"Overall",2022-01-23,8.5,0.3
"MN",2022-02-05,23,954,0,251,"Minnesota",5944197,0.386931994346755,0,"2021-22","Season 2021-22",5,2021,6,"Overall",2022-01-30,8.8,0.3
"MN",2022-02-12,19,955,0,35,"Minnesota",5944197,0.319639473590798,0,"2021-22","Season 2021-22",6,2021,6,"Overall",2022-02-06,9,0.2
"MN",2022-02-19,28,955,0,36,"Minnesota",5944197,0.471047645291702,0,"2021-22","Season 2021-22",7,2021,6,"Overall",2022-02-13,9.2,0.2
"MN",2022-02-26,19,955,0,35,"Minnesota",5944197,0.319639473590798,0,"2021-22","Season 2021-22",8,2021,6,"Overall",2022-02-20,9.3,0.1
"MN",2022-03-05,31,955,0,40,"Minnesota",5944197,0.52151703585867,0,"2021-22","Season 2021-22",9,2021,6,"Overall",2022-02-27,9.6,0.3
"MN",2022-03-12,35,955,0,35,"Minnesota",5944197,0.588809556614628,0,"2021-22","Season 2021-22",10,2021,6,"Overall",2022-03-06,9.9,0.3
"MN",2022-03-19,29,956,0,35,"Minnesota",5944197,0.487870775480692,0,"2021-22","Season 2021-22",11,2021,6,"Overall",2022-03-13,10.2,0.4
"MN",2022-03-26,37,955,0,35,"Minnesota",5944197,0.622455816992606,0,"2021-22","Season 2021-22",12,2021,6,"Overall",2022-03-20,10.7,0.5
"MN",2022-04-02,34,955,0,35,"Minnesota",5944197,0.571986426425638,0,"2021-22","Season 2021-22",13,2021,6,"Overall",2022-03-27,11.2,0.4
"MN",2022-04-09,24,955,0,35,"Minnesota",5944197,0.403755124535745,0,"2021-22","Season 2021-22",14,2021,6,"Overall",2022-04-03,11.4,0.3
"MN",2022-04-16,28,955,0,35,"Minnesota",5944197,0.471047645291702,0,"2021-22","Season 2021-22",15,2021,6,"Overall",2022-04-10,11.9,0.5
"MN",2022-04-23,36,956,0,35,"Minnesota",5944197,0.605632686803617,0,"2021-22","Season 2021-22",16,2021,6,"Overall",2022-04-17,12.6,0.7
"MN",2022-04-30,29,955,0,35,"Minnesota",5944197,0.487870775480692,0,"2021-22","Season 2021-22",17,2021,6,"Overall",2022-04-24,13.5,0.9
"MN",2022-05-07,30,955,0,35,"Minnesota",5944197,0.504693905669681,0,"2021-22","Season 2021-22",18,2021,6,"Overall",2022-05-01,14.3,0.8
"MN",2022-05-14,15,955,0,35,"Minnesota",5944197,0.25234695283484,0,"2021-22","Season 2021-22",19,2021,6,"Overall",2022-05-08,14.8,0.4
"MN",2022-05-21,12,955,0,39,"Minnesota",5944197,0.201877562267872,0,"2021-22","Season 2021-22",20,2021,6,"Overall",2022-05-15,15,0.2
"MN",2022-05-28,14,955,0,35,"Minnesota",5944197,0.235523822645851,0,"2021-22","Season 2021-22",21,2021,6,"Overall",2022-05-22,15.3,0.4
"MN",2022-06-04,4,955,0,35,"Minnesota",5944197,0.0672925207559575,0,"2021-22","Season 2021-22",22,2021,6,"Overall",2022-05-29,15.5,0.1
"MN",2022-06-11,5,955,0,35,"Minnesota",5944197,0.0841156509449468,0,"2021-22","Season 2021-22",23,2021,6,"Overall",2022-06-05,15.6,0.2
"NM",2021-10-09,2,111,0,111,"New Mexico",2090297,0.095680183246687,0,"2021-22","Season 2021-22",40,2021,6,"Overall",2021-10-03,0.1,0.1
"NM",2021-10-16,2,116,0,116,"New Mexico",2090297,0.095680183246687,0,"2021-22","Season 2021-22",41,2021,6,"Overall",2021-10-10,0.2,0.1
"NM",2021-10-23,4,114,0,114,"New Mexico",2090297,0.191360366493374,0,"2021-22","Season 2021-22",42,2021,6,"Overall",2021-10-17,0.5,0.3
"NM",2021-10-30,3,114,0,114,"New Mexico",2090297,0.14352027487003,0,"2021-22","Season 2021-22",43,2021,6,"Overall",2021-10-24,0.5,0.1
"NM",2021-11-06,1,112,0,112,"New Mexico",2090297,0.0478400916233435,0,"2021-22","Season 2021-22",44,2021,6,"Overall",2021-10-31,0.5,0
"NM",2021-11-13,6,118,0,118,"New Mexico",2090297,0.287040549740061,0,"2021-22","Season 2021-22",45,2021,6,"Overall",2021-11-07,0.6,0.1
"NM",2021-11-20,1,131,0,131,"New Mexico",2090297,0.0478400916233435,0,"2021-22","Season 2021-22",46,2021,6,"Overall",2021-11-14,0.8,0.2
"NM",2021-11-27,3,125,0,125,"New Mexico",2090297,0.14352027487003,0,"2021-22","Season 2021-22",47,2021,6,"Overall",2021-11-21,0.9,0.2
"NM",2021-12-04,6,121,0,121,"New Mexico",2090297,0.287040549740061,0,"2021-22","Season 2021-22",48,2021,6,"Overall",2021-11-28,1.2,0.3
"NM",2021-12-11,2,121,0,121,"New Mexico",2090297,0.095680183246687,0,"2021-22","Season 2021-22",49,2021,6,"Overall",2021-12-05,1.8,0.5
"NM",2021-12-18,4,119,0,119,"New Mexico",2090297,0.191360366493374,0,"2021-22","Season 2021-22",50,2021,6,"Overall",2021-12-12,2.2,0.4
"NM",2021-12-25,5,130,0,130,"New Mexico",2090297,0.239200458116717,0,"2021-22","Season 2021-22",51,2021,6,"Overall",2021-12-19,2.7,0.5
"NM",2022-01-01,3,120,0,120,"New Mexico",2090297,0.14352027487003,0,"2021-22","Season 2021-22",52,2021,6,"Overall",2021-12-26,3.8,1.1
"NM",2022-01-08,3,120,0,116,"New Mexico",2090297,0.14352027487003,0,"2021-22","Season 2021-22",1,2021,6,"Overall",2022-01-02,4.6,0.8
"NM",2022-01-15,2,121,0,79,"New Mexico",2090297,0.095680183246687,0,"2021-22","Season 2021-22",2,2021,6,"Overall",2022-01-09,5.6,1.1
"NM",2022-01-22,0,114,0,73,"New Mexico",2090297,0,0,"2021-22","Season 2021-22",3,2021,6,"Overall",2022-01-16,6.1,0.5
"NM",2022-01-29,0,119,0,78,"New Mexico",2090297,0,0,"2021-22","Season 2021-22",4,2021,6,"Overall",2022-01-23,6.6,0.5
"NM",2022-02-05,12,369,0,77,"New Mexico",2090297,0.574081099480122,0,"2021-22","Season 2021-22",5,2021,6,"Overall",2022-01-30,6.9,0.3
"NM",2022-02-12,7,371,0,65,"New Mexico",2090297,0.334880641363404,0,"2021-22","Season 2021-22",6,2021,6,"Overall",2022-02-06,7,0.1
"NM",2022-02-19,8,376,0,71,"New Mexico",2090297,0.382720732986748,0,"2021-22","Season 2021-22",7,2021,6,"Overall",2022-02-13,7,0.1
"NM",2022-02-26,3,363,0,70,"New Mexico",2090297,0.14352027487003,0,"2021-22","Season 2021-22",8,2021,6,"Overall",2022-02-20,7.4,0.4
"NM",2022-03-05,6,364,0,60,"New Mexico",2090297,0.287040549740061,0,"2021-22","Season 2021-22",9,2021,6,"Overall",2022-02-27,7.7,0.2
"NM",2022-03-12,8,363,0,64,"New Mexico",2090297,0.382720732986748,0,"2021-22","Season 2021-22",10,2021,6,"Overall",2022-03-06,8.2,0.5
"NM",2022-03-19,17,360,0,54,"New Mexico",2090297,0.813281557596839,0,"2021-22","Season 2021-22",11,2021,6,"Overall",2022-03-13,9.6,1.4
"NM",2022-03-26,43,359,0,64,"New Mexico",2090297,2.05712393980377,0,"2021-22","Season 2021-22",12,2021,6,"Overall",2022-03-20,11,1.4
"NM",2022-04-02,40,361,0,69,"New Mexico",2090297,1.91360366493374,0,"2021-22","Season 2021-22",13,2021,6,"Overall",2022-03-27,13,2
"NM",2022-04-09,42,363,0,60,"New Mexico",2090297,2.00928384818043,0,"2021-22","Season 2021-22",14,2021,6,"Overall",2022-04-03,16,3
"NM",2022-04-16,28,361,0,61,"New Mexico",2090297,1.33952256545362,0,"2021-22","Season 2021-22",15,2021,6,"Overall",2022-04-10,17,1
"NM",2022-04-23,48,362,0,59,"New Mexico",2090297,2.29632439792049,0,"2021-22","Season 2021-22",16,2021,6,"Overall",2022-04-17,19.5,2.5
"NM",2022-04-30,55,362,0,65,"New Mexico",2090297,2.63120503928389,0,"2021-22","Season 2021-22",17,2021,6,"Overall",2022-04-24,23.3,3.9
"NM",2022-05-07,69,361,0,63,"New Mexico",2090297,3.3009663220107,0,"2021-22","Season 2021-22",18,2021,6,"Overall",2022-05-01,26.4,3.1
"NM",2022-05-14,34,362,0,64,"New Mexico",2090297,1.62656311519368,0,"2021-22","Season 2021-22",19,2021,6,"Overall",2022-05-08,29.8,3.3
"NM",2022-05-21,69,367,0,70,"New Mexico",2090297,3.3009663220107,0,"2021-22","Season 2021-22",20,2021,6,"Overall",2022-05-15,32.5,2.8
"NM",2022-05-28,50,365,0,66,"New Mexico",2090297,2.39200458116717,0,"2021-22","Season 2021-22",21,2021,6,"Overall",2022-05-22,34.1,1.5
"NM",2022-06-04,54,352,1,64,"New Mexico",2090297,2.58336494766055,0.0478400916233435,"2021-22","Season 2021-22",22,2021,6,"Overall",2022-05-29,35.4,1.3
"NM",2022-06-11,27,359,0,65,"New Mexico",2090297,1.29168247383027,0,"2021-22","Season 2021-22",23,2021,6,"Overall",2022-06-05,35.9,0.5
"NY",2021-10-09,10,1275,0,1275,"New York",19573419,0.0510896946517111,0,"2021-22","Season 2021-22",40,2021,6,"Overall",2021-10-03,0.05,0.05
"NY",2021-10-16,8,1272,0,1272,"New York",19573419,0.0408717557213689,0,"2021-22","Season 2021-22",41,2021,6,"Overall",2021-10-10,0.15,0.1
"NY",2021-10-23,9,1269,1,1269,"New York",19573419,0.04598072518654,0.00510896946517111,"2021-22","Season 2021-22",42,2021,6,"Overall",2021-10-17,0.15,0
"NY",2021-10-30,14,1277,1,1277,"New York",19573419,0.0715255725123955,0.00510896946517111,"2021-22","Season 2021-22",43,2021,6,"Overall",2021-10-24,0.2,0.05
"NY",2021-11-06,19,1280,1,1280,"New York",19573419,0.097070419838251,0.00510896946517111,"2021-22","Season 2021-22",44,2021,6,"Overall",2021-10-31,0.25,0.05
"NY",2021-11-13,14,1274,3,1274,"New York",19573419,0.0715255725123955,0.0153269083955133,"2021-22","Season 2021-22",45,2021,6,"Overall",2021-11-07,0.35,0.1
"NY",2021-11-20,24,1276,0,1276,"New York",19573419,0.122615267164107,0,"2021-22","Season 2021-22",46,2021,6,"Overall",2021-11-14,0.45,0.1
"NY",2021-11-27,24,1278,1,1278,"New York",19573419,0.122615267164107,0.00510896946517111,"2021-22","Season 2021-22",47,2021,6,"Overall",2021-11-21,0.6,0.15
"NY",2021-12-04,47,1269,0,1270,"New York",19573419,0.240121564863042,0,"2021-22","Season 2021-22",48,2021,6,"Overall",2021-11-28,0.9,0.3
"NY",2021-12-11,82,1270,2,1270,"New York",19573419,0.418935496144031,0.0102179389303422,"2021-22","Season 2021-22",49,2021,6,"Overall",2021-12-05,1.6,0.75
"NY",2021-12-18,83,1271,9,1271,"New York",19573419,0.424044465609202,0.04598072518654,"2021-22","Season 2021-22",50,2021,6,"Overall",2021-12-12,2.3,0.75
"NY",2021-12-25,66,1260,3,1260,"New York",19573419,0.337191984701293,0.0153269083955133,"2021-22","Season 2021-22",51,2021,6,"Overall",2021-12-19,3,0.7
"NY",2022-01-01,78,1257,2,1254,"New York",19573419,0.398499618283346,0.0102179389303422,"2021-22","Season 2021-22",52,2021,6,"Overall",2021-12-26,4.05,1
"NY",2022-01-08,42,1266,4,1209,"New York",19573419,0.214576717537187,0.0204358778606844,"2021-22","Season 2021-22",1,2021,6,"Overall",2022-01-02,4.25,0.25
"NY",2022-01-15,47,1260,1,480,"New York",19573419,0.240121564863042,0.00510896946517111,"2021-22","Season 2021-22",2,2021,6,"Overall",2022-01-09,4.55,0.3
"NY",2022-01-22,22,1259,0,432,"New York",19573419,0.112397328233764,0,"2021-22","Season 2021-22",3,2021,6,"Overall",2022-01-16,4.75,0.25
"NY",2022-01-29,17,1264,1,442,"New York",19573419,0.0868524809079088,0.00510896946517111,"2021-22","Season 2021-22",4,2021,6,"Overall",2022-01-23,4.85,0.15
"NY",2022-02-05,18,1319,0,384,"New York",19573419,0.0919614503730799,0,"2021-22","Season 2021-22",5,2021,6,"Overall",2022-01-30,4.95,0.1
"NY",2022-02-12,34,1336,0,348,"New York",19573419,0.173704961815818,0,"2021-22","Season 2021-22",6,2021,6,"Overall",2022-02-06,5,0.05
"NY",2022-02-19,30,1337,0,361,"New York",19573419,0.153269083955133,0,"2021-22","Season 2021-22",7,2021,6,"Overall",2022-02-13,5.1,0.1
"NY",2022-02-26,38,1332,0,342,"New York",19573419,0.194140839676502,0,"2021-22","Season 2021-22",8,2021,6,"Overall",2022-02-20,5.2,0.1
"NY",2022-03-05,56,1336,0,350,"New York",19573419,0.286102290049582,0,"2021-22","Season 2021-22",9,2021,6,"Overall",2022-02-27,5.35,0.15
"NY",2022-03-12,57,1335,0,341,"New York",19573419,0.291211259514753,0,"2021-22","Season 2021-22",10,2021,6,"Overall",2022-03-06,5.85,0.5
"NY",2022-03-19,101,1335,0,334,"New York",19573419,0.516005915982282,0,"2021-22","Season 2021-22",11,2021,6,"Overall",2022-03-13,6.8,0.95
"NY",2022-03-26,87,1331,1,341,"New York",19573419,0.444480343469886,0.00510896946517111,"2021-22","Season 2021-22",12,2021,6,"Overall",2022-03-20,7.55,0.75
"NY",2022-04-02,180,1335,0,331,"New York",19573419,0.919614503730799,0,"2021-22","Season 2021-22",13,2021,6,"Overall",2022-03-27,9.6,2.1
"NY",2022-04-09,191,1333,1,330,"New York",19573419,0.975813167847682,0.00510896946517111,"2021-22","Season 2021-22",14,2021,6,"Overall",2022-04-03,12.475,2.8
"NY",2022-04-16,245,1337,1,312,"New York",19573419,1.25169751896692,0.00510896946517111,"2021-22","Season 2021-22",15,2021,6,"Overall",2022-04-10,14.75,2.275
"NY",2022-04-23,302,1330,3,309,"New York",19573419,1.54290877848167,0.0153269083955133,"2021-22","Season 2021-22",16,2021,6,"Overall",2022-04-17,17.125,2.325
"NY",2022-04-30,265,1336,1,307,"New York",19573419,1.35387690827034,0.00510896946517111,"2021-22","Season 2021-22",17,2021,6,"Overall",2022-04-24,19.8,2.65
"NY",2022-05-07,239,1333,2,298,"New York",19573419,1.22104370217589,0.0102179389303422,"2021-22","Season 2021-22",18,2021,6,"Overall",2022-05-01,21.25,1.5
"NY",2022-05-14,201,1335,0,309,"New York",19573419,1.02690286249939,0,"2021-22","Season 2021-22",19,2021,6,"Overall",2022-05-08,23.225,2
"NY",2022-05-21,177,1335,0,306,"New York",19573419,0.904287595335286,0,"2021-22","Season 2021-22",20,2021,6,"Overall",2022-05-15,24.625,1.45
"NY",2022-05-28,169,1335,0,302,"New York",19573419,0.863415839613917,0,"2021-22","Season 2021-22",21,2021,6,"Overall",2022-05-22,25.35,0.7
"NY",2022-06-04,119,1335,1,318,"New York",19573419,0.607967366355362,0.00510896946517111,"2021-22","Season 2021-22",22,2021,6,"Overall",2022-05-29,25.85,0.5
"NY",2022-06-11,102,1335,0,308,"New York",19573419,0.521114885447453,0,"2021-22","Season 2021-22",23,2021,6,"Overall",2022-06-05,26.075,0.25
"OH",2021-10-09,8,1534,0,1472,"Ohio",11639414,0.0687319825551355,0,"2021-22","Season 2021-22",40,2021,6,"Overall",2021-10-03,0,0
"OH",2021-10-16,8,1537,0,1474,"Ohio",11639414,0.0687319825551355,0,"2021-22","Season 2021-22",41,2021,6,"Overall",2021-10-10,0.1,0
"OH",2021-10-23,12,1532,0,1476,"Ohio",11639414,0.103097973832703,0,"2021-22","Season 2021-22",42,2021,6,"Overall",2021-10-17,0.1,0
"OH",2021-10-30,11,1539,0,1470,"Ohio",11639414,0.0945064760133113,0,"2021-22","Season 2021-22",43,2021,6,"Overall",2021-10-24,0.1,0
"OH",2021-11-06,15,1538,1,1472,"Ohio",11639414,0.128872467290879,0.00859149781939194,"2021-22","Season 2021-22",44,2021,6,"Overall",2021-10-31,0.1,0
"OH",2021-11-13,11,1531,0,1469,"Ohio",11639414,0.0945064760133113,0,"2021-22","Season 2021-22",45,2021,6,"Overall",2021-11-07,0.1,0
"OH",2021-11-20,9,1538,0,1479,"Ohio",11639414,0.0773234803745274,0,"2021-22","Season 2021-22",46,2021,6,"Overall",2021-11-14,0.2,0.1
"OH",2021-11-27,17,1533,0,1478,"Ohio",11639414,0.146055462929663,0,"2021-22","Season 2021-22",47,2021,6,"Overall",2021-11-21,0.3,0.1
"OH",2021-12-04,44,1538,1,1483,"Ohio",11639414,0.378025904053245,0.00859149781939194,"2021-22","Season 2021-22",48,2021,6,"Overall",2021-11-28,0.5,0.1
"OH",2021-12-11,43,1536,0,1482,"Ohio",11639414,0.369434406233853,0,"2021-22","Season 2021-22",49,2021,6,"Overall",2021-12-05,0.7,0.2
"OH",2021-12-18,77,1533,0,1473,"Ohio",11639414,0.661545332093179,0,"2021-22","Season 2021-22",50,2021,6,"Overall",2021-12-12,1,0.3
"OH",2021-12-25,91,1528,2,1462,"Ohio",11639414,0.781826301564666,0.0171829956387839,"2021-22","Season 2021-22",51,2021,6,"Overall",2021-12-19,1.2,0.2
"OH",2022-01-01,180,1543,10,1478,"Ohio",11639414,1.54646960749055,0.0859149781939194,"2021-22","Season 2021-22",52,2021,6,"Overall",2021-12-26,1.4,0.2
"OH",2022-01-08,85,1531,7,1437,"Ohio",11639414,0.730277314648315,0.0601404847357436,"2021-22","Season 2021-22",1,2021,6,"Overall",2022-01-02,1.7,0.2
"OH",2022-01-15,68,1540,7,1303,"Ohio",11639414,0.584221851718652,0.0601404847357436,"2021-22","Season 2021-22",2,2021,6,"Overall",2022-01-09,1.7,0
"OH",2022-01-22,24,1052,4,705,"Ohio",11639414,0.206195947665407,0.0343659912775678,"2021-22","Season 2021-22",3,2021,6,"Overall",2022-01-16,1.8,0.1
"OH",2022-01-29,37,1538,0,474,"Ohio",11639414,0.317885419317502,0,"2021-22","Season 2021-22",4,2021,6,"Overall",2022-01-23,1.9,0
"OH",2022-02-05,20,1545,0,468,"Ohio",11639414,0.171829956387839,0,"2021-22","Season 2021-22",5,2021,6,"Overall",2022-01-30,1.9,0
"OH",2022-02-12,29,1546,0,443,"Ohio",11639414,0.249153436762366,0,"2021-22","Season 2021-22",6,2021,6,"Overall",2022-02-06,2,0.1
"OH",2022-02-19,41,1547,0,448,"Ohio",11639414,0.352251410595069,0,"2021-22","Season 2021-22",7,2021,6,"Overall",2022-02-13,2,0
"OH",2022-02-26,33,1545,0,452,"Ohio",11639414,0.283519428039934,0,"2021-22","Season 2021-22",8,2021,6,"Overall",2022-02-20,2.1,0
"OH",2022-03-05,50,1546,8,448,"Ohio",11639414,0.429574890969597,0.0687319825551355,"2021-22","Season 2021-22",9,2021,6,"Overall",2022-02-27,2.4,0.4
"OH",2022-03-12,86,1545,0,451,"Ohio",11639414,0.738868812467707,0,"2021-22","Season 2021-22",10,2021,6,"Overall",2022-03-06,2.6,0.1
"OH",2022-03-19,104,1546,0,458,"Ohio",11639414,0.893515773216762,0,"2021-22","Season 2021-22",11,2021,6,"Overall",2022-03-13,2.8,0.2
"OH",2022-03-26,106,1547,0,463,"Ohio",11639414,0.910698768855545,0,"2021-22","Season 2021-22",12,2021,6,"Overall",2022-03-20,2.9,0.1
"OH",2022-04-02,100,1546,1,451,"Ohio",11639414,0.859149781939194,0.00859149781939194,"2021-22","Season 2021-22",13,2021,6,"Overall",2022-03-27,3.2,0.3
"OH",2022-04-09,135,1540,0,439,"Ohio",11639414,1.15985220561791,0,"2021-22","Season 2021-22",14,2021,6,"Overall",2022-04-03,4.1,0.9
"OH",2022-04-16,123,1548,0,429,"Ohio",11639414,1.05675423178521,0,"2021-22","Season 2021-22",15,2021,6,"Overall",2022-04-10,4.6,0.5
"OH",2022-04-23,136,1540,0,433,"Ohio",11639414,1.1684437034373,0,"2021-22","Season 2021-22",16,2021,6,"Overall",2022-04-17,5.4,0.8
"OH",2022-04-30,100,1544,0,424,"Ohio",11639414,0.859149781939194,0,"2021-22","Season 2021-22",17,2021,6,"Overall",2022-04-24,6,0.6
"OH",2022-05-07,104,1533,1,408,"Ohio",11639414,0.893515773216762,0.00859149781939194,"2021-22","Season 2021-22",18,2021,6,"Overall",2022-05-01,6.4,0.4
"OH",2022-05-14,82,1540,2,412,"Ohio",11639414,0.704502821190139,0.0171829956387839,"2021-22","Season 2021-22",19,2021,6,"Overall",2022-05-08,7.1,0.7
"OH",2022-05-21,61,1545,0,411,"Ohio",11639414,0.524081366982908,0,"2021-22","Season 2021-22",20,2021,6,"Overall",2022-05-15,7.4,0.35
"OH",2022-05-28,47,1544,0,417,"Ohio",11639414,0.403800397511421,0,"2021-22","Season 2021-22",21,2021,6,"Overall",2022-05-22,7.65,0.2
"OH",2022-06-04,41,1543,1,406,"Ohio",11639414,0.352251410595069,0.00859149781939194,"2021-22","Season 2021-22",22,2021,6,"Overall",2022-05-29,7.85,0.2
"OH",2022-06-11,25,1549,0,410,"Ohio",11639414,0.214787445484798,0,"2021-22","Season 2021-22",23,2021,6,"Overall",2022-06-05,7.95,0.1
"OR",2021-10-09,4,378,0,379,"Oregon",4312897,0.0927450852640348,0,"2021-22","Season 2021-22",40,2021,6,"Overall",2021-10-03,0,0
"OR",2021-10-16,1,379,0,379,"Oregon",4312897,0.0231862713160087,0,"2021-22","Season 2021-22",41,2021,6,"Overall",2021-10-10,0,0
"OR",2021-10-23,1,376,0,376,"Oregon",4312897,0.0231862713160087,0,"2021-22","Season 2021-22",42,2021,6,"Overall",2021-10-17,0,0
"OR",2021-10-30,0,381,0,381,"Oregon",4312897,0,0,"2021-22","Season 2021-22",43,2021,6,"Overall",2021-10-24,0,0
"OR",2021-11-06,0,379,0,379,"Oregon",4312897,0,0,"2021-22","Season 2021-22",44,2021,6,"Overall",2021-10-31,0,0
"OR",2021-11-13,0,385,0,385,"Oregon",4312897,0,0,"2021-22","Season 2021-22",45,2021,6,"Overall",2021-11-07,0,0
"OR",2021-11-20,1,373,0,373,"Oregon",4312897,0.0231862713160087,0,"2021-22","Season 2021-22",46,2021,6,"Overall",2021-11-14,0,0
"OR",2021-11-27,7,387,1,387,"Oregon",4312897,0.162303899212061,0.0231862713160087,"2021-22","Season 2021-22",47,2021,6,"Overall",2021-11-21,0,0
"OR",2021-12-04,3,389,0,389,"Oregon",4312897,0.0695588139480261,0,"2021-22","Season 2021-22",48,2021,6,"Overall",2021-11-28,0.1,0.1
"OR",2021-12-11,6,385,1,385,"Oregon",4312897,0.139117627896052,0.0231862713160087,"2021-22","Season 2021-22",49,2021,6,"Overall",2021-12-05,0.1,0.1
"OR",2021-12-18,7,392,0,392,"Oregon",4312897,0.162303899212061,0,"2021-22","Season 2021-22",50,2021,6,"Overall",2021-12-12,0.2,0.1
"OR",2021-12-25,3,389,0,389,"Oregon",4312897,0.0695588139480261,0,"2021-22","Season 2021-22",51,2021,6,"Overall",2021-12-19,0.3,0.1
"OR",2022-01-01,8,392,1,392,"Oregon",4312897,0.18549017052807,0.0231862713160087,"2021-22","Season 2021-22",52,2021,6,"Overall",2021-12-26,0.3,0
"OR",2022-01-08,3,390,0,382,"Oregon",4312897,0.0695588139480261,0,"2021-22","Season 2021-22",1,2021,6,"Overall",2022-01-02,0.3,0
"OR",2022-01-15,5,390,0,288,"Oregon",4312897,0.115931356580044,0,"2021-22","Season 2021-22",2,2021,6,"Overall",2022-01-09,0.3,0
"OR",2022-01-22,4,389,1,275,"Oregon",4312897,0.0927450852640348,0.0231862713160087,"2021-22","Season 2021-22",3,2021,6,"Overall",2022-01-16,0.3,0
"OR",2022-01-29,4,388,0,261,"Oregon",4312897,0.0927450852640348,0,"2021-22","Season 2021-22",4,2021,6,"Overall",2022-01-23,0.3,0
"OR",2022-02-05,1,402,0,270,"Oregon",4312897,0.0231862713160087,0,"2021-22","Season 2021-22",5,2021,6,"Overall",2022-01-30,0.3,0
"OR",2022-02-12,2,416,0,268,"Oregon",4312897,0.0463725426320174,0,"2021-22","Season 2021-22",6,2021,6,"Overall",2022-02-06,0.3,0
"OR",2022-02-19,6,430,0,267,"Oregon",4312897,0.139117627896052,0,"2021-22","Season 2021-22",7,2021,6,"Overall",2022-02-13,0.3,0
"OR",2022-02-26,3,430,0,274,"Oregon",4312897,0.0695588139480261,0,"2021-22","Season 2021-22",8,2021,6,"Overall",2022-02-20,0.4,0.1
"OR",2022-03-05,2,430,1,271,"Oregon",4312897,0.0463725426320174,0.0231862713160087,"2021-22","Season 2021-22",9,2021,6,"Overall",2022-02-27,0.4,0
"OR",2022-03-12,9,430,0,273,"Oregon",4312897,0.208676441844078,0,"2021-22","Season 2021-22",10,2021,6,"Overall",2022-03-06,0.5,0.1
"OR",2022-03-19,19,430,0,266,"Oregon",4312897,0.440539155004165,0,"2021-22","Season 2021-22",11,2021,6,"Overall",2022-03-13,0.7,0.2
"OR",2022-03-26,23,430,1,260,"Oregon",4312897,0.5332842402682,0.0231862713160087,"2021-22","Season 2021-22",12,2021,6,"Overall",2022-03-20,0.8,0.2
"OR",2022-04-02,10,430,0,255,"Oregon",4312897,0.231862713160087,0,"2021-22","Season 2021-22",13,2021,6,"Overall",2022-03-27,0.9,0.1
"OR",2022-04-09,15,430,0,262,"Oregon",4312897,0.347794069740131,0,"2021-22","Season 2021-22",14,2021,6,"Overall",2022-04-03,1,0.2
"OR",2022-04-16,15,430,0,268,"Oregon",4312897,0.347794069740131,0,"2021-22","Season 2021-22",15,2021,6,"Overall",2022-04-10,1.2,0.2
"OR",2022-04-23,29,430,0,267,"Oregon",4312897,0.672401868164253,0,"2021-22","Season 2021-22",16,2021,6,"Overall",2022-04-17,1.7,0.5
"OR",2022-04-30,20,430,0,262,"Oregon",4312897,0.463725426320174,0,"2021-22","Season 2021-22",17,2021,6,"Overall",2022-04-24,2,0.2
"OR",2022-05-07,30,430,0,262,"Oregon",4312897,0.695588139480261,0,"2021-22","Season 2021-22",18,2021,6,"Overall",2022-05-01,2.3,0.4
"OR",2022-05-14,30,430,0,259,"Oregon",4312897,0.695588139480261,0,"2021-22","Season 2021-22",19,2021,6,"Overall",2022-05-08,3,0.7
"OR",2022-05-21,38,430,1,266,"Oregon",4312897,0.881078310008331,0.0231862713160087,"2021-22","Season 2021-22",20,2021,6,"Overall",2022-05-15,3.5,0.5
"OR",2022-05-28,29,431,0,261,"Oregon",4312897,0.672401868164253,0,"2021-22","Season 2021-22",21,2021,6,"Overall",2022-05-22,3.8,0.3
"OR",2022-06-04,29,430,0,264,"Oregon",4312897,0.672401868164253,0,"2021-22","Season 2021-22",22,2021,6,"Overall",2022-05-29,4.3,0.5
"OR",2022-06-11,16,430,0,259,"Oregon",4312897,0.370980341056139,0,"2021-22","Season 2021-22",23,2021,6,"Overall",2022-06-05,4.6,0.3
"TN",2021-10-09,11,393,2,794,"Tennessee",6837661,0.160873725679,0.0292497683052728,"2021-22","Season 2021-22",40,2021,6,"Overall",2021-10-03,0,0
"TN",2021-10-16,7,574,83,938,"Tennessee",6837661,0.102374189068455,1.21386538466882,"2021-22","Season 2021-22",41,2021,6,"Overall",2021-10-10,0.1,0.1
"TN",2021-10-23,11,579,3,936,"Tennessee",6837661,0.160873725679,0.0438746524579092,"2021-22","Season 2021-22",42,2021,6,"Overall",2021-10-17,0.1,0.1
"TN",2021-10-30,9,565,0,930,"Tennessee",6837661,0.131623957373728,0,"2021-22","Season 2021-22",43,2021,6,"Overall",2021-10-24,0.2,0.1
"TN",2021-11-06,14,562,0,937,"Tennessee",6837661,0.20474837813691,0,"2021-22","Season 2021-22",44,2021,6,"Overall",2021-10-31,0.3,0.1
"TN",2021-11-13,16,565,0,931,"Tennessee",6837661,0.233998146442183,0,"2021-22","Season 2021-22",45,2021,6,"Overall",2021-11-07,0.5,0.2
"TN",2021-11-20,13,564,4,928,"Tennessee",6837661,0.190123493984273,0.0584995366105456,"2021-22","Season 2021-22",46,2021,6,"Overall",2021-11-14,0.7,0.2
"TN",2021-11-27,20,566,1,933,"Tennessee",6837661,0.292497683052728,0.0146248841526364,"2021-22","Season 2021-22",47,2021,6,"Overall",2021-11-21,1.2,0.6
"TN",2021-12-04,25,577,1,938,"Tennessee",6837661,0.36562210381591,0.0146248841526364,"2021-22","Season 2021-22",48,2021,6,"Overall",2021-11-28,1.8,0.6
"TN",2021-12-11,38,570,1,935,"Tennessee",6837661,0.555745597800184,0.0146248841526364,"2021-22","Season 2021-22",49,2021,6,"Overall",2021-12-05,2.2,0.4
"TN",2021-12-18,49,575,4,937,"Tennessee",6837661,0.716619323479184,0.0584995366105456,"2021-22","Season 2021-22",50,2021,6,"Overall",2021-12-12,3.4,1.1
"TN",2021-12-25,58,583,4,931,"Tennessee",6837661,0.848243280852912,0.0584995366105456,"2021-22","Season 2021-22",51,2021,6,"Overall",2021-12-19,5.2,1.8
"TN",2022-01-01,84,572,11,938,"Tennessee",6837661,1.22849026882146,0.160873725679,"2021-22","Season 2021-22",52,2021,6,"Overall",2021-12-26,6.8,1.6
"TN",2022-01-08,67,565,8,925,"Tennessee",6837661,0.979867238226639,0.116999073221091,"2021-22","Season 2021-22",1,2021,6,"Overall",2022-01-02,7.5,0.7
"TN",2022-01-15,41,569,7,894,"Tennessee",6837661,0.599620250258093,0.102374189068455,"2021-22","Season 2021-22",2,2021,6,"Overall",2022-01-09,7.9,0.4
"TN",2022-01-22,27,567,1,895,"Tennessee",6837661,0.394871872121183,0.0146248841526364,"2021-22","Season 2021-22",3,2021,6,"Overall",2022-01-16,8.3,0.4
"TN",2022-01-29,28,567,1,891,"Tennessee",6837661,0.409496756273819,0.0146248841526364,"2021-22","Season 2021-22",4,2021,6,"Overall",2022-01-23,8.5,0.2
"TN",2022-02-05,38,842,2,547,"Tennessee",6837661,0.555745597800184,0.0292497683052728,"2021-22","Season 2021-22",5,2021,6,"Overall",2022-01-30,8.9,0.4
"TN",2022-02-12,24,935,0,399,"Tennessee",6837661,0.350997219663274,0,"2021-22","Season 2021-22",6,2021,6,"Overall",2022-02-06,9.2,0.3
"TN",2022-02-19,29,936,1,406,"Tennessee",6837661,0.424121640426456,0.0146248841526364,"2021-22","Season 2021-22",7,2021,6,"Overall",2022-02-13,9.9,0.7
"TN",2022-02-26,47,938,0,412,"Tennessee",6837661,0.687369555173911,0,"2021-22","Season 2021-22",8,2021,6,"Overall",2022-02-20,10.5,0.6
"TN",2022-03-05,33,935,0,412,"Tennessee",6837661,0.482621177037001,0,"2021-22","Season 2021-22",9,2021,6,"Overall",2022-02-27,11,0.5
"TN",2022-03-12,32,929,0,400,"Tennessee",6837661,0.467996292884365,0,"2021-22","Season 2021-22",10,2021,6,"Overall",2022-03-06,11.5,0.4
"TN",2022-03-19,40,924,0,401,"Tennessee",6837661,0.584995366105456,0,"2021-22","Season 2021-22",11,2021,6,"Overall",2022-03-13,12.3,0.8
"TN",2022-03-26,45,929,1,410,"Tennessee",6837661,0.658119786868638,0.0146248841526364,"2021-22","Season 2021-22",12,2021,6,"Overall",2022-03-20,13.1,0.8
"TN",2022-04-02,48,934,0,405,"Tennessee",6837661,0.701994439326547,0,"2021-22","Season 2021-22",13,2021,6,"Overall",2022-03-27,14.4,1.3
"TN",2022-04-09,36,931,1,404,"Tennessee",6837661,0.526495829494911,0.0146248841526364,"2021-22","Season 2021-22",14,2021,6,"Overall",2022-04-03,15,0.7
"TN",2022-04-16,45,932,1,403,"Tennessee",6837661,0.658119786868638,0.0146248841526364,"2021-22","Season 2021-22",15,2021,6,"Overall",2022-04-10,15.5,0.5
"TN",2022-04-23,39,931,0,406,"Tennessee",6837661,0.57037048195282,0,"2021-22","Season 2021-22",16,2021,6,"Overall",2022-04-17,15.7,0.2
"TN",2022-04-30,46,933,2,405,"Tennessee",6837661,0.672744671021275,0.0292497683052728,"2021-22","Season 2021-22",17,2021,6,"Overall",2022-04-24,16,0.3
"TN",2022-05-07,23,923,2,385,"Tennessee",6837661,0.336372335510637,0.0292497683052728,"2021-22","Season 2021-22",18,2021,6,"Overall",2022-05-01,16.2,0.2
"TN",2022-05-14,33,927,0,397,"Tennessee",6837661,0.482621177037001,0,"2021-22","Season 2021-22",19,2021,6,"Overall",2022-05-08,16.8,0.6
"TN",2022-05-21,24,927,1,390,"Tennessee",6837661,0.350997219663274,0.0146248841526364,"2021-22","Season 2021-22",20,2021,6,"Overall",2022-05-15,17.3,0.5
"TN",2022-05-28,22,931,0,403,"Tennessee",6837661,0.321747451358001,0,"2021-22","Season 2021-22",21,2021,6,"Overall",2022-05-22,17.7,0.3
"TN",2022-06-04,22,921,0,402,"Tennessee",6837661,0.321747451358001,0,"2021-22","Season 2021-22",22,2021,6,"Overall",2022-05-29,18.2,0.5
"TN",2022-06-11,22,921,0,397,"Tennessee",6837661,0.321747451358001,0,"2021-22","Season 2021-22",23,2021,6,"Overall",2022-06-05,18.4,0.2
"UT",2021-10-09,2,384,0,384,"Utah",3034569,0.0659072177960033,0,"2021-22","Season 2021-22",40,2021,6,"Overall",2021-10-03,0.1,0.1
"UT",2021-10-16,2,386,0,386,"Utah",3034569,0.0659072177960033,0,"2021-22","Season 2021-22",41,2021,6,"Overall",2021-10-10,0.2,0.1
"UT",2021-10-23,3,384,0,384,"Utah",3034569,0.098860826694005,0,"2021-22","Season 2021-22",42,2021,6,"Overall",2021-10-17,0.2,0
"UT",2021-10-30,0,385,0,385,"Utah",3034569,0,0,"2021-22","Season 2021-22",43,2021,6,"Overall",2021-10-24,0.2,0
"UT",2021-11-06,0,385,0,385,"Utah",3034569,0,0,"2021-22","Season 2021-22",44,2021,6,"Overall",2021-10-31,0.3,0.1
"UT",2021-11-13,2,385,0,385,"Utah",3034569,0.0659072177960033,0,"2021-22","Season 2021-22",45,2021,6,"Overall",2021-11-07,0.3,0
"UT",2021-11-20,1,384,0,384,"Utah",3034569,0.0329536088980017,0,"2021-22","Season 2021-22",46,2021,6,"Overall",2021-11-14,0.3,0.1
"UT",2021-11-27,0,384,0,384,"Utah",3034569,0,0,"2021-22","Season 2021-22",47,2021,6,"Overall",2021-11-21,0.3,0
"UT",2021-12-04,5,385,0,385,"Utah",3034569,0.164768044490008,0,"2021-22","Season 2021-22",48,2021,6,"Overall",2021-11-28,0.3,0
"UT",2021-12-11,2,383,0,383,"Utah",3034569,0.0659072177960033,0,"2021-22","Season 2021-22",49,2021,6,"Overall",2021-12-05,0.6,0.3
"UT",2021-12-18,4,383,0,383,"Utah",3034569,0.131814435592007,0,"2021-22","Season 2021-22",50,2021,6,"Overall",2021-12-12,0.8,0.2
"UT",2021-12-25,7,384,0,384,"Utah",3034569,0.230675262286012,0,"2021-22","Season 2021-22",51,2021,6,"Overall",2021-12-19,1.6,0.9
"UT",2022-01-01,6,382,0,382,"Utah",3034569,0.19772165338801,0,"2021-22","Season 2021-22",52,2021,6,"Overall",2021-12-26,3.3,1.7
"UT",2022-01-08,2,385,0,366,"Utah",3034569,0.0659072177960033,0,"2021-22","Season 2021-22",1,2021,6,"Overall",2022-01-02,4.7,1.4
"UT",2022-01-15,2,388,0,311,"Utah",3034569,0.0659072177960033,0,"2021-22","Season 2021-22",2,2021,6,"Overall",2022-01-09,6,1.3
"UT",2022-01-22,5,386,0,323,"Utah",3034569,0.164768044490008,0,"2021-22","Season 2021-22",3,2021,6,"Overall",2022-01-16,7.2,1.2
"UT",2022-01-29,6,387,1,313,"Utah",3034569,0.19772165338801,0.0329536088980017,"2021-22","Season 2021-22",4,2021,6,"Overall",2022-01-23,7.7,0.5
"UT",2022-02-05,6,393,0,297,"Utah",3034569,0.19772165338801,0,"2021-22","Season 2021-22",5,2021,6,"Overall",2022-01-30,8.5,0.8
"UT",2022-02-12,4,393,0,302,"Utah",3034569,0.131814435592007,0,"2021-22","Season 2021-22",6,2021,6,"Overall",2022-02-06,9,0.5
"UT",2022-02-19,6,394,0,301,"Utah",3034569,0.19772165338801,0,"2021-22","Season 2021-22",7,2021,6,"Overall",2022-02-13,9.9,0.9
"UT",2022-02-26,6,394,0,297,"Utah",3034569,0.19772165338801,0,"2021-22","Season 2021-22",8,2021,6,"Overall",2022-02-20,11,1.1
"UT",2022-03-05,12,394,0,294,"Utah",3034569,0.39544330677602,0,"2021-22","Season 2021-22",9,2021,6,"Overall",2022-02-27,13.3,2.3
"UT",2022-03-12,14,394,0,293,"Utah",3034569,0.461350524572023,0,"2021-22","Season 2021-22",10,2021,6,"Overall",2022-03-06,15.1,1.8
"UT",2022-03-19,18,394,0,289,"Utah",3034569,0.59316496016403,0,"2021-22","Season 2021-22",11,2021,6,"Overall",2022-03-13,18.7,3.6
"UT",2022-03-26,8,394,0,290,"Utah",3034569,0.263628871184013,0,"2021-22","Season 2021-22",12,2021,6,"Overall",2022-03-20,21.8,3.1
"UT",2022-04-02,18,394,0,286,"Utah",3034569,0.59316496016403,0,"2021-22","Season 2021-22",13,2021,6,"Overall",2022-03-27,25.1,3.3
"UT",2022-04-09,13,394,0,294,"Utah",3034569,0.428396915674022,0,"2021-22","Season 2021-22",14,2021,6,"Overall",2022-04-03,27.8,2.7
"UT",2022-04-16,17,394,0,296,"Utah",3034569,0.560211351266028,0,"2021-22","Season 2021-22",15,2021,6,"Overall",2022-04-10,30.7,2.9
"UT",2022-04-23,8,394,0,284,"Utah",3034569,0.263628871184013,0,"2021-22","Season 2021-22",16,2021,6,"Overall",2022-04-17,33.9,3.2
"UT",2022-04-30,3,394,0,284,"Utah",3034569,0.098860826694005,0,"2021-22","Season 2021-22",17,2021,6,"Overall",2022-04-24,35.8,1.9
"UT",2022-05-07,17,394,0,284,"Utah",3034569,0.560211351266028,0,"2021-22","Season 2021-22",18,2021,6,"Overall",2022-05-01,36.9,1.1
"UT",2022-05-14,11,392,0,281,"Utah",3034569,0.362489697878018,0,"2021-22","Season 2021-22",19,2021,6,"Overall",2022-05-08,37.5,0.6
"UT",2022-05-21,7,393,1,273,"Utah",3034569,0.230675262286012,0.0329536088980017,"2021-22","Season 2021-22",20,2021,6,"Overall",2022-05-15,38,0.5
"UT",2022-05-28,1,394,0,279,"Utah",3034569,0.0329536088980017,0,"2021-22","Season 2021-22",21,2021,6,"Overall",2022-05-22,38.5,0.5
"UT",2022-06-04,5,394,0,280,"Utah",3034569,0.164768044490008,0,"2021-22","Season 2021-22",22,2021,6,"Overall",2022-05-29,38.8,0.3
"UT",2022-06-11,3,389,0,282,"Utah",3034569,0.098860826694005,0,"2021-22","Season 2021-22",23,2021,6,"Overall",2022-06-05,39.4,0.6
"US",2021-10-09,379,33304,13,33623,"United States",337108968,0.112426555202174,0.00385631983543078,"2021-22","Season 2021-22",40,2021,6,"Overall",2021-10-03,0,0
"US",2021-10-16,368,33392,89,33677,"United States",337108968,0.109163515341425,0.0264009588733338,"2021-22","Season 2021-22",41,2021,6,"Overall",2021-10-10,0.1,0
"US",2021-10-23,410,33485,20,33776,"United States",337108968,0.12162239480974,0.00593279974681658,"2021-22","Season 2021-22",42,2021,6,"Overall",2021-10-17,0.1,0
"US",2021-10-30,361,33498,12,33781,"United States",337108968,0.107087035430039,0.00355967984808995,"2021-22","Season 2021-22",43,2021,6,"Overall",2021-10-24,0.1,0
"US",2021-11-06,410,33439,4,33734,"United States",337108968,0.12162239480974,0.00118655994936332,"2021-22","Season 2021-22",44,2021,6,"Overall",2021-10-31,0.1,0
"US",2021-11-13,499,33848,12,34141,"United States",337108968,0.148023353683074,0.00355967984808995,"2021-22","Season 2021-22",45,2021,6,"Overall",2021-11-07,0.2,0.1
"US",2021-11-20,521,33724,12,34018,"United States",337108968,0.154549433404572,0.00355967984808995,"2021-22","Season 2021-22",46,2021,6,"Overall",2021-11-14,0.3,0.1
"US",2021-11-27,643,33602,26,33904,"United States",337108968,0.190739511860153,0.00771263967086156,"2021-22","Season 2021-22",47,2021,6,"Overall",2021-11-21,0.4,0.2
"US",2021-12-04,1013,33945,22,34238,"United States",337108968,0.30049630717626,0.00652607972149824,"2021-22","Season 2021-22",48,2021,6,"Overall",2021-11-28,0.7,0.3
"US",2021-12-11,1223,33919,99,34210,"United States",337108968,0.362790704517834,0.0293673587467421,"2021-22","Season 2021-22",49,2021,6,"Overall",2021-12-05,1.1,0.4
"US",2021-12-18,1475,33885,38,34168,"United States",337108968,0.437543981327723,0.0112723195189515,"2021-22","Season 2021-22",50,2021,6,"Overall",2021-12-12,1.7,0.6
"US",2021-12-25,1981,33839,38,34109,"United States",337108968,0.587643814922183,0.0112723195189515,"2021-22","Season 2021-22",51,2021,6,"Overall",2021-12-19,2.4,0.7
"US",2022-01-01,2771,33775,65,34057,"United States",337108968,0.821989404921438,0.0192815991771539,"2021-22","Season 2021-22",52,2021,6,"Overall",2021-12-26,3.4,0.9
"US",2022-01-08,1992,33722,72,33033,"United States",337108968,0.590906854782932,0.0213580790885397,"2021-22","Season 2021-22",1,2021,6,"Overall",2022-01-02,4,0.6
"US",2022-01-15,1651,33865,59,25740,"United States",337108968,0.489752619099709,0.0175017592531089,"2021-22","Season 2021-22",2,2021,6,"Overall",2022-01-09,4.4,0.4
"US",2022-01-22,1134,34324,58,24315,"United States",337108968,0.3363897456445,0.0172051192657681,"2021-22","Season 2021-22",3,2021,6,"Overall",2022-01-16,4.6,0.3
"US",2022-01-29,950,34970,44,22853,"United States",337108968,0.281807987973788,0.0130521594429965,"2021-22","Season 2021-22",4,2021,6,"Overall",2022-01-23,4.8,0.2
"US",2022-02-05,1137,39774,53,19498,"United States",337108968,0.337279665606523,0.015721919329064,"2021-22","Season 2021-22",5,2021,6,"Overall",2022-01-30,4.9,0.2
"US",2022-02-12,1256,41395,37,16966,"United States",337108968,0.372579824100082,0.0109756795316107,"2021-22","Season 2021-22",6,2021,6,"Overall",2022-02-06,5.1,0.2
"US",2022-02-19,1571,41407,55,17015,"United States",337108968,0.466021420112443,0.0163151993037456,"2021-22","Season 2021-22",7,2021,6,"Overall",2022-02-13,5.3,0.2
"US",2022-02-26,1666,41472,16,17113,"United States",337108968,0.494202218909821,0.00474623979745327,"2021-22","Season 2021-22",8,2021,6,"Overall",2022-02-20,5.6,0.3
"US",2022-03-05,1943,41355,44,16860,"United States",337108968,0.576371495403231,0.0130521594429965,"2021-22","Season 2021-22",9,2021,6,"Overall",2022-02-27,6,0.4
"US",2022-03-12,2247,41333,40,16832,"United States",337108968,0.666550051554843,0.0118655994936332,"2021-22","Season 2021-22",10,2021,6,"Overall",2022-03-06,6.4,0.4
"US",2022-03-19,2879,41384,17,16581,"United States",337108968,0.854026523554247,0.0050428797847941,"2021-22","Season 2021-22",11,2021,6,"Overall",2022-03-13,7,0.6
"US",2022-03-26,3010,41323,16,16549,"United States",337108968,0.892886361895896,0.00474623979745327,"2021-22","Season 2021-22",12,2021,6,"Overall",2022-03-20,7.7,0.7
"US",2022-04-02,3183,41318,19,16519,"United States",337108968,0.944205079705859,0.00563615975947575,"2021-22","Season 2021-22",13,2021,6,"Overall",2022-03-27,8.6,0.9
"US",2022-04-09,3333,41281,44,16431,"United States",337108968,0.988701077806984,0.0130521594429965,"2021-22","Season 2021-22",14,2021,6,"Overall",2022-04-03,9.6,1
"US",2022-04-16,3417,41257,25,16386,"United States",337108968,1.01361883674361,0.00741599968352073,"2021-22","Season 2021-22",15,2021,6,"Overall",2022-04-10,10.7,1.05
"US",2022-04-23,3646,41262,19,16375,"United States",337108968,1.08154939384466,0.00563615975947575,"2021-22","Season 2021-22",16,2021,6,"Overall",2022-04-17,11.8,1.1
"US",2022-04-30,3252,41279,22,16335,"United States",337108968,0.964673238832377,0.00652607972149824,"2021-22","Season 2021-22",17,2021,6,"Overall",2022-04-24,13,1.2
"US",2022-05-07,3226,41225,25,16202,"United States",337108968,0.956960599161515,0.00741599968352073,"2021-22","Season 2021-22",18,2021,6,"Overall",2022-05-01,14.1,1.1
"US",2022-05-14,3300,41221,16,16204,"United States",337108968,0.978911958224736,0.00474623979745327,"2021-22","Season 2021-22",19,2021,6,"Overall",2022-05-08,15.1,1
"US",2022-05-21,3173,41228,16,16056,"United States",337108968,0.941238679832451,0.00474623979745327,"2021-22","Season 2021-22",20,2021,6,"Overall",2022-05-15,15.9,0.8
"US",2022-05-28,2800,41218,17,16004,"United States",337108968,0.830591964554322,0.0050428797847941,"2021-22","Season 2021-22",21,2021,6,"Overall",2022-05-22,16.5,0.6
"US",2022-06-04,2758,41193,57,15894,"United States",337108968,0.818133085086007,0.0169084792784273,"2021-22","Season 2021-22",22,2021,6,"Overall",2022-05-29,17,0.5
"US",2022-06-11,2225,41252,17,15942,"United States",337108968,0.660023971833345,0.0050428797847941,"2021-22","Season 2021-22",23,2021,6,"Overall",2022-06-05,17.3,0.3
