"*Beginning for the 2015-16 season, reports from public health and clinical laboratories are presented separately in the weekly influenza update, FluView.  Data presented from public health laboratories include the weekly total number of specimens tested, the number of positive influenza tests, and the number by influenza virus type, subtype, and influenza B lineage."
REGION TYPE,REGION,SEASON_DESCRIPTION,TOTAL SPECIMENS,A (2009 H1N1),A (H3),A (Subtyping not Performed),B,BVic,BYam,H3N2v,A (H5)
States,Alabama,Season 2015-16,256,59,16,1,2,2,2,0,0
States,Alaska,Season 2015-16,4691,607,98,0,231,1,2,0,0
States,Arizona,Season 2015-16,2110,762,580,0,13,58,399,0,0
States,Arkansas,Season 2015-16,128,20,8,0,1,12,0,0,0
States,California,Season 2015-16,12820,1462,854,35,775,309,803,0,0
States,Colorado,Season 2015-16,1625,912,243,3,13,40,144,0,0
States,Connecticut,Season 2015-16,1581,662,52,0,185,0,0,0,0
States,Delaware,Season 2015-16,2754,414,20,12,8,78,69,0,0
States,District of Columbia,Season 2015-16,172,68,3,0,7,0,3,0,0
States,Florida,Season 2015-16,2136,360,184,25,300,1,3,0,0
States,Georgia,Season 2015-16,1548,297,32,40,19,38,41,0,0
States,Hawaii,Season 2015-16,2634,477,223,35,28,80,187,0,0
States,Idaho,Season 2015-16,669,200,57,3,0,28,283,0,0
States,Illinois,Season 2015-16,2879,249,39,2,1,21,37,0,0
States,Indiana,Season 2015-16,682,270,75,3,15,31,19,0,0
States,Iowa,Season 2015-16,1085,276,46,7,0,26,78,0,0
States,Kansas,Season 2015-16,266,108,16,4,2,6,20,0,0
States,Kentucky,Season 2015-16,393,110,17,0,74,5,2,0,0
States,Louisiana,Season 2015-16,1091,177,90,3,100,0,0,0,0
States,Maine,Season 2015-16,796,226,24,3,69,0,0,0,0
States,Maryland,Season 2015-16,4537,1149,51,8,0,175,222,0,0
States,Massachusetts,Season 2015-16,356,146,8,0,6,25,9,0,0
States,Michigan,Season 2015-16,714,271,68,0,6,21,31,12,0
States,Minnesota,Season 2015-16,5927,751,61,60,2,13,110,0,0
States,Mississippi,Season 2015-16,171,19,8,0,0,13,9,0,0
States,Missouri,Season 2015-16,257,20,11,0,0,11,8,0,0
States,Montana,Season 2015-16,659,88,23,0,31,0,0,0,0
States,Nebraska,Season 2015-16,269,71,12,4,12,1,4,0,0
States,Nevada,Season 2015-16,777,96,29,2,26,30,60,0,0
States,New Hampshire,Season 2015-16,298,117,15,3,0,58,17,0,0
States,New Jersey,Season 2015-16,926,188,92,2,105,9,8,0,0
States,New Mexico,Season 2015-16,1954,193,159,8,103,44,62,0,0
States,New York,Season 2015-16,3219,889,96,30,32,167,91,0,0
States,North Carolina,Season 2015-16,651,173,28,1,5,26,22,0,0
States,North Dakota,Season 2015-16,264,145,12,0,0,11,35,0,0
States,Ohio,Season 2015-16,793,371,50,3,9,45,42,6,0
States,Oklahoma,Season 2015-16,520,27,10,0,8,3,11,0,0
States,Oregon,Season 2015-16,653,67,30,3,183,0,4,0,0
States,Pennsylvania,Season 2015-16,1082,228,53,16,10,63,115,0,0
States,Rhode Island,Season 2015-16,397,109,19,0,1,5,31,0,0
States,South Carolina,Season 2015-16,745,101,107,1,1,17,7,0,0
States,South Dakota,Season 2015-16,870,260,27,3,6,47,41,0,0
States,Tennessee,Season 2015-16,1783,114,9,0,71,0,0,0,0
States,Texas,Season 2015-16,1980,125,165,13,87,53,83,0,0
States,Utah,Season 2015-16,1026,247,79,1,20,31,345,0,0
States,Vermont,Season 2015-16,237,73,48,0,31,0,1,0,0
States,Virginia,Season 2015-16,898,269,15,0,78,4,5,0,0
States,Washington,Season 2015-16,1040,218,126,7,93,52,128,0,0
States,West Virginia,Season 2015-16,549,169,11,8,96,0,5,0,0
States,Wisconsin,Season 2015-16,3604,750,41,28,1,68,74,0,0
States,Wyoming,Season 2015-16,494,104,27,1,2,1,42,0,0
States,American Samoa,Season 2015-16,X,X,X,X,X,X,X,X,X
States,Puerto Rico,Season 2015-16,1001,183,185,4,31,53,142,0,0
States,Virgin Islands,Season 2015-16,X,X,X,X,X,X,X,X,X
States,New York City,Season 2015-16,X,X,X,X,X,X,X,X,X
States,Alabama,Season 2016-17,570,3,227,1,2,15,14,0,0
States,Alaska,Season 2016-17,5222,14,905,3,252,2,11,0,0
States,Arizona,Season 2016-17,2975,63,1630,0,5,227,578,0,0
States,Arkansas,Season 2016-17,121,0,51,0,0,4,0,0,0
States,California,Season 2016-17,14074,184,4696,120,116,28,152,0,0
States,Colorado,Season 2016-17,714,3,267,2,4,31,219,0,0
States,Connecticut,Season 2016-17,1348,19,968,0,0,62,263,0,0
States,Delaware,Season 2016-17,3090,5,659,4,11,27,127,1,0
States,District of Columbia,Season 2016-17,73,1,34,0,3,0,4,0,0
States,Florida,Season 2016-17,2574,30,781,16,283,6,5,0,0
States,Georgia,Season 2016-17,3956,27,1058,8,34,333,167,0,0
States,Hawaii,Season 2016-17,2442,53,889,14,7,89,189,0,0
States,Idaho,Season 2016-17,1311,9,983,3,1,16,26,0,0
States,Illinois,Season 2016-17,3060,6,479,0,3,325,80,0,0
States,Indiana,Season 2016-17,1255,39,694,0,2,112,122,0,0
States,Iowa,Season 2016-17,1839,15,822,9,7,79,150,0,0
States,Kansas,Season 2016-17,330,4,122,13,15,2,10,0,0
States,Kentucky,Season 2016-17,541,20,250,0,57,3,9,0,0
States,Louisiana,Season 2016-17,1947,40,602,2,33,37,155,0,0
States,Maine,Season 2016-17,894,0,268,2,137,8,53,0,0
States,Maryland,Season 2016-17,5997,57,2068,0,16,94,557,39,0
States,Massachusetts,Season 2016-17,485,6,312,0,1,0,4,0,0
States,Michigan,Season 2016-17,962,20,541,0,29,57,145,1,0
States,Minnesota,Season 2016-17,6521,24,1513,25,2,75,808,0,0
States,Mississippi,Season 2016-17,355,9,143,0,1,15,20,0,0
States,Missouri,Season 2016-17,363,3,141,2,0,6,9,0,0
States,Montana,Season 2016-17,739,36,314,2,4,0,37,0,0
States,Nebraska,Season 2016-17,280,5,111,2,8,9,12,0,0
States,Nevada,Season 2016-17,568,13,270,0,5,2,43,0,0
States,New Hampshire,Season 2016-17,410,2,218,1,1,4,46,0,0
States,New Jersey,Season 2016-17,668,4,285,1,74,2,3,0,0
States,New Mexico,Season 2016-17,1818,14,481,1,2,6,58,0,0
States,New York,Season 2016-17,2581,10,857,17,56,39,164,0,0
States,North Carolina,Season 2016-17,901,39,285,3,8,28,60,0,0
States,North Dakota,Season 2016-17,1029,26,351,1,10,37,278,1,0
States,Ohio,Season 2016-17,1431,13,832,8,31,64,173,15,0
States,Oklahoma,Season 2016-17,824,27,220,0,18,3,62,0,0
States,Oregon,Season 2016-17,457,1,246,1,53,0,0,0,0
States,Pennsylvania,Season 2016-17,1382,4,533,9,8,49,50,1,0
States,Rhode Island,Season 2016-17,447,3,143,0,0,3,66,0,0
States,South Carolina,Season 2016-17,1077,10,263,2,22,55,36,0,0
States,South Dakota,Season 2016-17,1275,22,479,16,16,64,206,0,0
States,Tennessee,Season 2016-17,2601,24,350,29,135,3,9,0,0
States,Texas,Season 2016-17,1713,49,397,5,51,35,115,0,0
States,Utah,Season 2016-17,1358,8,863,0,7,45,128,0,0
States,Vermont,Season 2016-17,371,3,233,0,51,0,2,0,0
States,Virginia,Season 2016-17,1662,17,677,1,31,26,138,0,0
States,Washington,Season 2016-17,1076,18,534,7,19,9,53,0,0
States,West Virginia,Season 2016-17,729,2,360,0,127,0,1,0,0
States,Wisconsin,Season 2016-17,4887,31,1011,11,6,86,261,0,0
States,Wyoming,Season 2016-17,839,2,273,3,12,1,29,0,0
States,American Samoa,Season 2016-17,X,X,X,X,X,X,X,X,X
States,Puerto Rico,Season 2016-17,642,2,411,0,19,52,24,0,0
States,Virgin Islands,Season 2016-17,X,X,X,X,X,X,X,X,X
States,New York City,Season 2016-17,X,X,X,X,X,X,X,X,X
States,Alabama,Season 2017-18,823,131,204,4,7,4,66,0,0
States,Alaska,Season 2017-18,3452,173,651,1,347,1,5,0,0
States,Arizona,Season 2017-18,3366,180,2055,0,8,197,720,0,0
States,Arkansas,Season 2017-18,413,21,101,0,19,0,43,0,0
States,California,Season 2017-18,15664,661,4664,194,702,282,1289,0,0
States,Colorado,Season 2017-18,1087,54,501,4,19,2,162,0,0
States,Connecticut,Season 2017-18,2259,161,887,0,1,47,423,0,0
States,Delaware,Season 2017-18,2822,163,382,6,24,100,206,0,0
States,District of Columbia,Season 2017-18,566,56,193,0,0,5,80,0,0
States,Florida,Season 2017-18,3367,317,1157,30,363,9,81,0,0
States,Georgia,Season 2017-18,2051,261,582,2,38,6,254,0,0
States,Hawaii,Season 2017-18,3315,102,1072,19,8,42,500,0,0
States,Idaho,Season 2017-18,1273,94,477,4,6,9,435,0,0
States,Illinois,Season 2017-18,3475,144,722,1,22,1,398,0,0
States,Indiana,Season 2017-18,1307,126,562,0,11,14,233,1,0
States,Iowa,Season 2017-18,2524,60,980,8,2,2,480,1,0
States,Kansas,Season 2017-18,229,23,54,1,21,2,15,0,0
States,Kentucky,Season 2017-18,1082,104,377,2,14,13,297,0,0
States,Louisiana,Season 2017-18,1991,135,304,3,48,3,124,0,0
States,Maine,Season 2017-18,1172,55,316,3,0,33,115,0,0
States,Maryland,Season 2017-18,8114,591,1911,5,10,139,760,0,0
States,Massachusetts,Season 2017-18,491,31,156,0,2,0,2,0,0
States,Michigan,Season 2017-18,1067,95,588,3,58,7,174,0,0
States,Minnesota,Season 2017-18,7624,170,2828,73,2,52,577,0,0
States,Mississippi,Season 2017-18,432,80,127,0,2,0,75,0,0
States,Missouri,Season 2017-18,822,51,205,0,0,7,104,0,0
States,Montana,Season 2017-18,736,50,294,7,6,30,122,0,0
States,Nebraska,Season 2017-18,288,9,108,1,9,1,18,1,0
States,Nevada,Season 2017-18,844,24,314,0,4,1,222,0,0
States,New Hampshire,Season 2017-18,462,37,176,4,1,8,70,0,0
States,New Jersey,Season 2017-18,1059,103,294,1,180,20,31,0,0
States,New Mexico,Season 2017-18,1660,41,447,2,28,0,280,0,0
States,New York,Season 2017-18,4102,232,1422,18,153,17,384,0,0
States,North Carolina,Season 2017-18,749,41,157,1,10,25,68,0,0
States,North Dakota,Season 2017-18,1148,72,619,5,8,32,214,0,0
States,Ohio,Season 2017-18,2560,189,922,9,127,5,199,0,0
States,Oklahoma,Season 2017-18,1117,100,213,1,53,4,60,0,0
States,Oregon,Season 2017-18,867,136,185,1,389,0,4,0,0
States,Pennsylvania,Season 2017-18,1711,85,493,5,5,40,227,0,0
States,Rhode Island,Season 2017-18,440,13,136,0,0,1,38,0,0
States,South Carolina,Season 2017-18,876,55,203,0,15,2,60,0,0
States,South Dakota,Season 2017-18,1305,40,514,4,12,24,190,0,0
States,Tennessee,Season 2017-18,2261,2,212,61,157,0,3,0,0
States,Texas,Season 2017-18,1655,79,263,2,162,2,78,0,0
States,Utah,Season 2017-18,1333,85,620,1,15,71,249,0,0
States,Vermont,Season 2017-18,379,22,156,0,58,0,0,0,0
States,Virginia,Season 2017-18,1858,183,533,0,72,34,226,0,0
States,Washington,Season 2017-18,914,97,231,6,73,4,132,0,0
States,West Virginia,Season 2017-18,704,64,276,0,12,37,134,0,0
States,Wisconsin,Season 2017-18,4996,125,1057,9,0,12,374,0,0
States,Wyoming,Season 2017-18,743,39,142,1,16,2,107,0,0
States,American Samoa,Season 2017-18,X,X,X,X,X,X,X,X,X
States,Puerto Rico,Season 2017-18,724,33,432,0,4,9,142,0,0
States,Virgin Islands,Season 2017-18,X,X,X,X,X,X,X,X,X
States,New York City,Season 2017-18,X,X,X,X,X,X,X,X,X
States,Alabama,Season 2018-19,530,42,162,3,1,20,0,0,0
States,Alaska,Season 2018-19,4794,718,912,48,98,0,0,0,0
States,Arizona,Season 2018-19,2291,1192,628,3,0,30,22,0,0
States,Arkansas,Season 2018-19,497,74,69,0,0,2,0,0,0
States,California,Season 2018-19,8866,2991,1306,227,36,33,37,0,0
States,Colorado,Season 2018-19,1538,520,541,29,5,16,3,0,0
States,Connecticut,Season 2018-19,1319,560,300,0,1,4,26,0,0
States,Delaware,Season 2018-19,3156,439,411,21,4,8,5,0,0
States,District of Columbia,Season 2018-19,1418,147,128,0,1,19,7,0,0
States,Florida,Season 2018-19,2939,524,627,15,5,93,43,0,0
States,Georgia,Season 2018-19,1714,228,512,14,2,13,3,0,0
States,Hawaii,Season 2018-19,2638,701,358,20,2,205,25,0,0
States,Idaho,Season 2018-19,1620,858,492,2,1,8,10,0,0
States,Illinois,Season 2018-19,2509,445,164,1,0,4,10,0,0
States,Indiana,Season 2018-19,846,287,285,2,0,11,7,0,0
States,Iowa,Season 2018-19,2147,468,420,20,1,27,10,0,0
States,Kansas,Season 2018-19,415,70,156,4,0,0,0,0,0
States,Kentucky,Season 2018-19,578,107,246,0,0,2,2,0,0
States,Louisiana,Season 2018-19,2271,175,317,6,45,101,0,0,0
States,Maine,Season 2018-19,666,284,51,2,0,74,4,0,0
States,Maryland,Season 2018-19,7299,2354,1453,11,1,99,41,0,0
States,Massachusetts,Season 2018-19,828,432,166,11,3,0,0,0,0
States,Michigan,Season 2018-19,1100,453,359,7,13,39,24,0,0
States,Minnesota,Season 2018-19,2958,760,348,60,0,15,20,0,0
States,Mississippi,Season 2018-19,663,25,292,0,0,2,2,0,0
States,Missouri,Season 2018-19,232,43,29,0,1,6,1,0,0
States,Montana,Season 2018-19,1162,272,239,7,6,64,8,0,0
States,Nebraska,Season 2018-19,270,56,82,8,0,6,3,0,0
States,Nevada,Season 2018-19,500,159,105,2,0,1,1,0,0
States,New Hampshire,Season 2018-19,594,205,84,3,0,12,21,0,0
States,New Jersey,Season 2018-19,905,281,251,1,1,3,0,0,0
States,New Mexico,Season 2018-19,1885,687,306,9,0,9,7,0,0
States,New York,Season 2018-19,3325,933,987,60,14,32,10,0,0
States,North Carolina,Season 2018-19,671,122,122,11,0,3,4,0,0
States,North Dakota,Season 2018-19,1094,556,205,5,2,50,7,0,0
States,Ohio,Season 2018-19,3078,751,968,6,12,7,9,0,0
States,Oklahoma,Season 2018-19,735,79,158,0,0,6,2,0,0
States,Oregon,Season 2018-19,521,171,245,0,0,0,0,0,0
States,Pennsylvania,Season 2018-19,1664,370,358,36,52,2,1,0,0
States,Rhode Island,Season 2018-19,339,91,35,3,1,4,1,0,0
States,South Carolina,Season 2018-19,902,108,222,0,0,8,0,0,0
States,South Dakota,Season 2018-19,1182,307,372,21,9,18,3,0,0
States,Tennessee,Season 2018-19,1367,56,198,8,0,1,0,0,0
States,Texas,Season 2018-19,1924,228,439,14,44,44,12,0,0
States,Utah,Season 2018-19,1194,389,405,15,2,9,1,0,0
States,Vermont,Season 2018-19,427,214,139,7,0,4,1,0,0
States,Virginia,Season 2018-19,1884,490,495,8,2,18,18,0,0
States,Washington,Season 2018-19,995,299,249,14,6,6,4,0,0
States,West Virginia,Season 2018-19,821,307,234,0,0,3,15,0,0
States,Wisconsin,Season 2018-19,4187,412,416,47,1,26,28,0,0
States,Wyoming,Season 2018-19,349,91,79,1,4,3,4,0,0
States,American Samoa,Season 2018-19,X,X,X,X,X,X,X,X,X
States,Puerto Rico,Season 2018-19,1314,548,405,0,10,0,2,0,0
States,Virgin Islands,Season 2018-19,X,X,X,X,X,X,X,X,X
States,New York City,Season 2018-19,X,X,X,X,X,X,X,X,X
States,Alabama,Season 2019-20,690,174,6,0,5,123,0,0,0
States,Alaska,Season 2019-20,1675,102,25,6,375,0,0,0,0
States,Arizona,Season 2019-20,1676,632,33,0,38,560,8,0,0
States,Arkansas,Season 2019-20,782,146,1,4,54,45,0,0,0
States,California,Season 2019-20,10933,3055,272,182,475,1742,36,0,0
States,Colorado,Season 2019-20,1824,552,53,10,145,187,0,0,0
States,Connecticut,Season 2019-20,1327,272,69,0,2,410,15,0,0
States,Delaware,Season 2019-20,2716,507,26,14,44,359,2,0,0
States,District of Columbia,Season 2019-20,898,138,18,0,0,120,2,0,0
States,Florida,Season 2019-20,5167,1626,84,33,53,525,14,0,0
States,Georgia,Season 2019-20,1981,646,12,3,54,286,5,0,0
States,Hawaii,Season 2019-20,3381,1283,64,19,3,441,1,1,0
States,Idaho,Season 2019-20,2153,546,79,2,49,913,12,0,0
States,Illinois,Season 2019-20,2680,376,22,60,173,268,0,0,0
States,Indiana,Season 2019-20,755,283,5,2,28,250,5,0,0
States,Iowa,Season 2019-20,2496,528,61,21,10,629,4,0,0
States,Kansas,Season 2019-20,277,89,0,2,21,7,0,0,0
States,Kentucky,Season 2019-20,420,124,2,0,8,88,3,0,0
States,Louisiana,Season 2019-20,1525,255,43,4,5,293,0,0,0
States,Maine,Season 2019-20,872,230,30,1,3,229,4,0,0
States,Maryland,Season 2019-20,6793,1893,143,6,18,1364,20,0,0
States,Massachusetts,Season 2019-20,681,324,30,1,20,5,0,0,0
States,Michigan,Season 2019-20,1132,490,31,6,95,301,0,0,0
States,Minnesota,Season 2019-20,3358,1196,28,73,13,502,27,0,0
States,Mississippi,Season 2019-20,798,221,19,0,1,171,0,0,0
States,Missouri,Season 2019-20,459,62,2,0,45,32,0,0,0
States,Montana,Season 2019-20,1226,198,44,2,6,307,0,0,0
States,Nebraska,Season 2019-20,403,112,4,0,14,27,2,0,0
States,Nevada,Season 2019-20,1600,272,34,3,158,135,0,0,0
States,New Hampshire,Season 2019-20,414,73,14,3,1,61,1,0,0
States,New Jersey,Season 2019-20,994,177,42,3,44,6,0,0,0
States,New Mexico,Season 2019-20,2196,389,10,6,27,325,1,0,0
States,New York,Season 2019-20,2335,578,99,9,214,231,23,0,0
States,North Carolina,Season 2019-20,2074,224,19,1,36,162,7,0,0
States,North Dakota,Season 2019-20,1022,278,20,3,60,384,2,0,0
States,Ohio,Season 2019-20,3530,936,16,5,266,393,0,0,0
States,Oklahoma,Season 2019-20,1457,213,3,4,104,57,0,0,0
States,Oregon,Season 2019-20,646,126,6,0,313,60,1,0,0
States,Pennsylvania,Season 2019-20,1752,255,47,8,307,34,1,0,0
States,Rhode Island,Season 2019-20,307,81,16,3,5,30,0,0,0
States,South Carolina,Season 2019-20,2124,489,18,4,97,280,6,0,0
States,South Dakota,Season 2019-20,1758,531,6,13,53,481,3,0,0
States,Tennessee,Season 2019-20,1441,260,5,1,0,116,1,0,0
States,Texas,Season 2019-20,2894,555,24,12,238,189,0,0,0
States,Utah,Season 2019-20,1236,513,22,3,25,278,6,0,0
States,Vermont,Season 2019-20,198,80,26,1,0,29,0,0,0
States,Virginia,Season 2019-20,2370,581,28,6,160,458,11,0,0
States,Washington,Season 2019-20,1176,277,37,35,182,207,3,0,0
States,West Virginia,Season 2019-20,724,193,1,4,1,172,0,0,0
States,Wisconsin,Season 2019-20,4729,441,93,138,7,610,10,0,0
States,Wyoming,Season 2019-20,6771,50,1,2,4,25,0,0,0
States,American Samoa,Season 2019-20,X,X,X,X,X,X,X,X,X
States,Puerto Rico,Season 2019-20,758,336,52,0,59,65,6,0,0
States,Virgin Islands,Season 2019-20,X,X,X,X,X,X,X,X,X
States,New York City,Season 2019-20,X,X,X,X,X,X,X,X,X
States,Alabama,Season 2020-21,15011,0,0,1,5,0,0,0,0
States,Alaska,Season 2020-21,227,1,2,2,2,0,0,0,0
States,Arizona,Season 2020-21,263,1,1,0,0,1,0,0,0
States,Arkansas,Season 2020-21,262,0,0,0,0,0,0,0,0
States,California,Season 2020-21,3196,0,3,10,6,1,3,0,0
States,Colorado,Season 2020-21,2232,0,1,0,0,0,0,0,0
States,Connecticut,Season 2020-21,199,0,0,0,0,1,0,0,0
States,Delaware,Season 2020-21,641,0,1,0,0,0,0,0,0
States,District of Columbia,Season 2020-21,32,0,0,0,0,0,0,0,0
States,Florida,Season 2020-21,56658,1,2,12,1,2,2,0,0
States,Georgia,Season 2020-21,5036,0,0,2,0,0,0,0,0
States,Hawaii,Season 2020-21,1868,0,0,0,0,0,0,0,0
States,Idaho,Season 2020-21,196,0,0,0,0,0,0,0,0
States,Illinois,Season 2020-21,1317,0,0,0,0,0,0,0,0
States,Indiana,Season 2020-21,124,0,0,0,0,0,0,0,0
States,Iowa,Season 2020-21,105,3,0,3,0,0,0,1,0
States,Kansas,Season 2020-21,42980,0,0,0,0,0,0,0,0
States,Kentucky,Season 2020-21,227,0,0,0,0,0,0,0,0
States,Louisiana,Season 2020-21,481,0,1,0,0,0,0,0,0
States,Maine,Season 2020-21,366,1,0,0,1,0,0,0,0
States,Maryland,Season 2020-21,3590,0,60,0,0,0,0,0,0
States,Massachusetts,Season 2020-21,564,0,0,0,0,0,0,0,0
States,Michigan,Season 2020-21,901,0,7,0,5,0,0,0,0
States,Minnesota,Season 2020-21,2484,0,2,4,3,0,1,0,0
States,Mississippi,Season 2020-21,145,0,0,0,0,0,0,0,0
States,Missouri,Season 2020-21,597,1,0,0,0,0,0,0,0
States,Montana,Season 2020-21,327,0,0,0,0,0,0,0,0
States,Nebraska,Season 2020-21,45791,5,5,5,8,0,0,0,0
States,Nevada,Season 2020-21,182347,0,0,16,14,0,0,0,0
States,New Hampshire,Season 2020-21,26575,0,0,0,0,1,0,0,0
States,New Jersey,Season 2020-21,1183,0,0,0,0,0,0,0,0
States,New Mexico,Season 2020-21,2912,5,5,0,0,6,2,0,0
States,New York,Season 2020-21,56559,2,2,1,7,0,0,0,0
States,North Carolina,Season 2020-21,16738,4,1,8,1,1,1,0,0
States,North Dakota,Season 2020-21,152,1,2,0,0,1,0,0,0
States,Ohio,Season 2020-21,897,0,1,5,3,0,0,0,0
States,Oklahoma,Season 2020-21,1717,0,0,1,0,0,0,0,0
States,Oregon,Season 2020-21,19007,0,0,0,1,1,1,0,0
States,Pennsylvania,Season 2020-21,99200,1,1,0,1,1,0,0,0
States,Rhode Island,Season 2020-21,1660,1,0,0,0,0,0,0,0
States,South Carolina,Season 2020-21,1230,0,0,0,0,0,0,0,0
States,South Dakota,Season 2020-21,918,0,0,0,1,0,0,0,0
States,Tennessee,Season 2020-21,290,0,0,0,1,0,0,0,0
States,Texas,Season 2020-21,5055,0,3,3,1,5,0,0,0
States,Utah,Season 2020-21,663,0,1,0,0,2,0,0,0
States,Vermont,Season 2020-21,608,0,0,0,0,0,0,0,0
States,Virginia,Season 2020-21,5011,0,0,1,0,0,0,0,0
States,Washington,Season 2020-21,4021,0,0,2,0,0,0,0,0
States,West Virginia,Season 2020-21,258,0,0,0,0,0,0,0,0
States,Wisconsin,Season 2020-21,3076,1,2,3,2,0,0,1,0
States,Wyoming,Season 2020-21,126024,0,0,59,19,2,0,0,0
States,American Samoa,Season 2020-21,X,X,X,X,X,X,X,X,X
States,Puerto Rico,Season 2020-21,206,0,0,0,0,0,0,0,0
States,Virgin Islands,Season 2020-21,X,X,X,X,X,X,X,X,X
States,New York City,Season 2020-21,X,X,X,X,X,X,X,X,X
States,Alabama,Season 2021-22,12304,0,223,32,4,0,0,0,0
States,Alaska,Season 2021-22,1228,0,211,28,5,8,0,0,0
States,Arizona,Season 2021-22,1393,0,737,6,1,4,0,0,0
States,Arkansas,Season 2021-22,65351,0,186,332,5,0,0,0,0
States,California,Season 2021-22,63899,6,1204,229,35,2,0,0,0
States,Colorado,Season 2021-22,1337,1,713,19,0,1,0,0,0
States,Connecticut,Season 2021-22,622,2,390,6,0,0,0,0,0
States,Delaware,Season 2021-22,2107,1,522,84,1,1,1,0,0
States,District of Columbia,Season 2021-22,298,0,58,1,1,0,0,0,0
States,Florida,Season 2021-22,7533,6,1415,76,0,0,0,0,0
States,Georgia,Season 2021-22,2830,9,899,132,1,4,0,0,0
States,Hawaii,Season 2021-22,1513,1,248,11,0,4,0,0,0
States,Idaho,Season 2021-22,12160,0,275,62,1,0,0,0,0
States,Illinois,Season 2021-22,168813,0,373,475,1,0,0,0,0
States,Indiana,Season 2021-22,981,1,101,3,0,0,0,0,0
States,Iowa,Season 2021-22,395,1,158,1,0,0,0,0,0
States,Kansas,Season 2021-22,29750,0,254,312,2,0,0,0,0
States,Kentucky,Season 2021-22,735,0,169,0,0,0,0,0,0
States,Louisiana,Season 2021-22,993,0,52,5,0,0,0,0,0
States,Maine,Season 2021-22,501,0,168,2,0,0,0,0,0
States,Maryland,Season 2021-22,3623,2,366,2,0,2,0,0,0
States,Massachusetts,Season 2021-22,752,0,155,3,0,0,0,0,0
States,Michigan,Season 2021-22,1683,7,568,3,2,0,0,1,0
States,Minnesota,Season 2021-22,6205,2,488,22,0,1,0,0,0
States,Mississippi,Season 2021-22,469,1,35,0,0,0,0,0,0
States,Missouri,Season 2021-22,17065,0,127,34,1,0,0,0,0
States,Montana,Season 2021-22,600,4,307,1,0,0,0,0,0
States,Nebraska,Season 2021-22,29692,2,212,574,2,1,0,0,0
States,Nevada,Season 2021-22,101083,0,365,458,7,0,0,0,0
States,New Hampshire,Season 2021-22,65373,0,76,2,0,0,0,0,0
States,New Jersey,Season 2021-22,2031,1,227,16,2,0,0,0,0
States,New Mexico,Season 2021-22,3682,9,958,8,2,0,0,0,0
States,New York,Season 2021-22,92963,4,221,389,5,0,0,0,0
States,North Carolina,Season 2021-22,2007,0,43,2,0,3,0,0,0
States,North Dakota,Season 2021-22,1635,0,230,6,0,0,0,0,0
States,Ohio,Season 2021-22,15464,17,1064,21,3,4,0,1,0
States,Oklahoma,Season 2021-22,1966,0,41,5,0,0,0,0,0
States,Oregon,Season 2021-22,6562,1,203,5,1,0,0,0,0
States,Pennsylvania,Season 2021-22,176346,5,982,158,22,0,0,0,0
States,Rhode Island,Season 2021-22,11237,0,486,242,0,8,0,0,0
States,South Carolina,Season 2021-22,1149,0,36,98,0,0,0,0,0
States,South Dakota,Season 2021-22,5102,1,1102,225,3,0,0,0,0
States,Tennessee,Season 2021-22,647,1,148,2,0,0,0,0,0
States,Texas,Season 2021-22,19100,1,698,184,7,3,0,0,0
States,Utah,Season 2021-22,1255,1,712,0,0,0,0,0,0
States,Vermont,Season 2021-22,1334,0,78,2,0,0,0,0,0
States,Virginia,Season 2021-22,6960,2,91,6,0,0,0,0,0
States,Washington,Season 2021-22,27130,2,388,45,1,0,0,0,0
States,West Virginia,Season 2021-22,474,14,232,0,0,0,0,3,0
States,Wisconsin,Season 2021-22,5382,5,603,110,4,1,0,0,0
States,Wyoming,Season 2021-22,41606,0,873,898,11,0,0,0,0
States,American Samoa,Season 2021-22,X,X,X,X,X,X,X,X,X
States,Puerto Rico,Season 2021-22,520,1,199,0,0,0,0,0,0
States,Virgin Islands,Season 2021-22,X,X,X,X,X,X,X,X,X
States,New York City,Season 2021-22,X,X,X,X,X,X,X,X,X
States,Alabama,Season 2022-23,172,2,17,3,0,0,0,0,0
States,Alaska,Season 2022-23,2696,125,436,203,3,10,0,0,0
States,Arizona,Season 2022-23,1672,227,513,12,6,136,0,0,0
States,Arkansas,Season 2022-23,8219,99,30,97,4,2,0,0,0
States,California,Season 2022-23,10547,448,2593,253,26,56,0,0,0
States,Colorado,Season 2022-23,890,206,448,10,0,101,0,0,0
States,Connecticut,Season 2022-23,883,191,486,25,2,4,0,0,0
States,Delaware,Season 2022-23,737,100,109,23,0,11,0,0,0
States,District of Columbia,Season 2022-23,1729,77,292,17,1,19,0,0,0
States,Florida,Season 2022-23,2562,333,808,16,2,132,0,0,0
States,Georgia,Season 2022-23,3227,456,1034,206,3,155,0,0,0
States,Hawaii,Season 2022-23,896,93,270,16,14,44,0,0,0
States,Idaho,Season 2022-23,7915,401,1032,57,2,5,0,0,0
States,Illinois,Season 2022-23,54058,163,384,337,1,3,0,0,0
States,Indiana,Season 2022-23,864,17,24,3,0,4,0,0,0
States,Iowa,Season 2022-23,527,105,212,9,4,115,0,0,0
States,Kansas,Season 2022-23,1289,24,71,65,2,4,0,0,0
States,Kentucky,Season 2022-23,509,61,41,0,0,2,0,0,0
States,Louisiana,Season 2022-23,1619,27,13,1,5,5,0,0,0
States,Maine,Season 2022-23,279,7,2,0,1,1,0,0,0
States,Maryland,Season 2022-23,763,3,116,9,0,2,0,0,0
States,Massachusetts,Season 2022-23,861,101,327,2,2,1,0,0,0
States,Michigan,Season 2022-23,2088,293,495,7,6,68,0,1,0
States,Minnesota,Season 2022-23,2085,123,880,56,1,24,0,0,0
States,Mississippi,Season 2022-23,205,41,40,0,0,6,0,0,0
States,Missouri,Season 2022-23,1763,133,222,20,0,4,0,0,0
States,Montana,Season 2022-23,474,130,185,6,0,7,0,0,0
States,Nebraska,Season 2022-23,3132,35,82,196,7,6,0,0,0
States,Nevada,Season 2022-23,24186,67,120,259,5,7,0,0,0
States,New Hampshire,Season 2022-23,4146,25,29,6,1,4,0,0,0
States,New Jersey,Season 2022-23,1126,39,109,9,15,1,0,0,0
States,New Mexico,Season 2022-23,3090,343,654,60,3,27,0,1,0
States,New York,Season 2022-23,25846,105,442,461,44,9,0,0,0
States,North Carolina,Season 2022-23,987,88,250,8,0,10,0,0,0
States,North Dakota,Season 2022-23,467,82,174,1,0,1,0,0,0
States,Ohio,Season 2022-23,3448,752,381,4,0,26,0,0,0
States,Oklahoma,Season 2022-23,929,24,32,1,0,2,0,0,0
States,Oregon,Season 2022-23,16443,381,881,36,1,1,0,0,0
States,Pennsylvania,Season 2022-23,53220,232,352,43,0,35,0,0,0
States,Rhode Island,Season 2022-23,14622,59,171,1383,2,33,0,0,0
States,South Carolina,Season 2022-23,789,69,97,60,1,2,0,0,0
States,South Dakota,Season 2022-23,499,164,98,15,1,12,0,0,0
States,Tennessee,Season 2022-23,646,130,123,13,1,4,0,0,0
States,Texas,Season 2022-23,4082,193,263,11,56,8,0,0,0
States,Utah,Season 2022-23,1119,190,321,0,0,35,0,0,0
States,Vermont,Season 2022-23,163,15,82,2,0,0,0,0,0
States,Virginia,Season 2022-23,1461,41,118,16,0,1,0,0,0
States,Washington,Season 2022-23,9710,292,596,155,4,30,0,0,0
States,West Virginia,Season 2022-23,619,221,253,11,0,15,0,0,0
States,Wisconsin,Season 2022-23,2443,165,567,42,4,15,0,0,0
States,Wyoming,Season 2022-23,2905,59,123,188,11,4,0,0,0
States,American Samoa,Season 2022-23,X,X,X,X,X,X,X,X,X
States,Puerto Rico,Season 2022-23,624,41,262,19,0,48,0,0,0
States,Virgin Islands,Season 2022-23,X,X,X,X,X,X,X,X,X
States,New York City,Season 2022-23,X,X,X,X,X,X,X,X,X
States,Alabama,Season 2023-24 ,498,28,9,2,0,13,0,0,0
States,Alaska,Season 2023-24 ,91,7,0,2,1,0,0,0,0
States,Arizona,Season 2023-24 ,3530,536,159,11,5,220,0,0,0
States,Arkansas,Season 2023-24 ,1945,49,193,205,6,36,0,0,0
States,California,Season 2023-24 ,9869,1818,1056,162,109,339,0,0,0
States,Colorado,Season 2023-24 ,1636,460,412,19,14,303,0,1,11
States,Connecticut,Season 2023-24 ,4240,584,438,94,5,190,0,0,0
States,Delaware,Season 2023-24 ,2393,331,197,72,20,172,0,0,0
States,District of Columbia,Season 2023-24 ,2205,412,341,44,5,202,0,0,0
States,Florida,Season 2023-24 ,2577,757,480,22,12,365,0,0,0
States,Georgia,Season 2023-24 ,3479,673,373,230,24,480,0,0,0
States,Hawaii,Season 2023-24 ,2901,437,506,22,5,178,0,0,0
States,Idaho,Season 2023-24 ,819,333,65,10,2,185,0,0,0
States,Illinois,Season 2023-24 ,4939,190,95,151,41,88,0,0,0
States,Indiana,Season 2023-24 ,359,51,65,4,1,50,0,0,0
States,Iowa,Season 2023-24 ,786,223,196,16,5,245,0,0,0
States,Kansas,Season 2023-24 ,486,11,12,8,3,15,0,0,0
States,Kentucky,Season 2023-24 ,1154,266,208,0,1,175,0,0,0
States,Louisiana,Season 2023-24 ,3133,190,21,13,18,146,0,0,0
States,Maine,Season 2023-24 ,799,520,101,3,1,121,0,0,0
States,Maryland,Season 2023-24 ,2927,539,626,67,12,509,0,0,0
States,Massachusetts,Season 2023-24 ,1044,376,228,5,5,1,0,0,0
States,Michigan,Season 2023-24 ,2032,517,269,8,13,222,0,0,1
States,Minnesota,Season 2023-24 ,3314,960,450,387,26,531,0,2,0
States,Mississippi,Season 2023-24 ,253,26,25,7,4,15,0,0,0
States,Missouri,Season 2023-24 ,930,253,127,26,3,40,0,0,1
States,Montana,Season 2023-24 ,558,171,140,1,1,148,0,0,0
States,Nebraska,Season 2023-24 ,609,68,21,23,22,95,0,0,0
States,Nevada,Season 2023-24 ,10010,324,160,1539,525,137,0,0,0
States,New Hampshire,Season 2023-24 ,1647,527,144,172,16,41,0,0,0
States,New Jersey,Season 2023-24 ,780,164,72,15,38,4,0,0,0
States,New Mexico,Season 2023-24 ,2755,446,162,17,4,260,0,0,0
States,New York,Season 2023-24 ,12332,710,256,290,45,92,0,0,0
States,North Carolina,Season 2023-24 ,493,150,32,5,0,30,0,0,0
States,North Dakota,Season 2023-24 ,681,209,79,12,7,188,0,0,0
States,Ohio,Season 2023-24 ,1133,532,342,3,4,174,0,0,0
States,Oklahoma,Season 2023-24 ,261,7,9,2,0,6,0,0,0
States,Oregon,Season 2023-24 ,6339,245,110,20,2,132,0,0,0
States,Pennsylvania,Season 2023-24 ,16757,522,191,52,10,164,0,0,0
States,Rhode Island,Season 2023-24 ,4184,181,47,247,31,80,0,0,0
States,South Carolina,Season 2023-24 ,917,269,30,23,17,246,0,0,0
States,South Dakota,Season 2023-24 ,677,135,156,29,12,259,0,0,0
States,Tennessee,Season 2023-24 ,564,77,74,5,4,65,0,0,0
States,Texas,Season 2023-24 ,4051,338,167,13,9,296,0,0,0
States,Utah,Season 2023-24 ,1224,365,153,0,1,220,0,0,0
States,Vermont,Season 2023-24 ,443,197,116,13,1,43,0,0,0
States,Virginia,Season 2023-24 ,1332,156,80,7,1,47,0,0,0
States,Washington,Season 2023-24 ,1974,318,103,50,14,56,0,0,0
States,West Virginia,Season 2023-24 ,971,330,206,12,13,224,0,0,0
States,Wisconsin,Season 2023-24 ,3608,476,310,68,11,183,0,0,0
States,Wyoming,Season 2023-24 ,654,38,8,45,21,23,0,0,0
States,American Samoa,Season 2023-24 ,X,X,X,X,X,X,X,X,X
States,Puerto Rico,Season 2023-24 ,434,185,48,4,0,53,0,0,0
States,Virgin Islands,Season 2023-24 ,X,X,X,X,X,X,X,X,X
States,New York City,Season 2023-24 ,X,X,X,X,X,X,X,X,X
States,Alabama,Season 2024-25,807,181,197,21,4,0,0,0,0
States,Alaska,Season 2024-25,1802,257,418,40,17,90,0,0,0
States,Arizona,Season 2024-25,4895,1310,1962,15,10,136,0,0,2
States,Arkansas,Season 2024-25,2980,522,413,1050,3,6,0,0,0
States,California,Season 2024-25,26272,9110,9995,670,175,1019,0,0,53
States,Colorado,Season 2024-25,1882,321,244,941,30,54,0,0,0
States,Connecticut,Season 2024-25,4404,1137,762,71,504,4,0,0,0
States,Delaware,Season 2024-25,1534,309,431,47,19,1,0,0,1
States,District of Columbia,Season 2024-25,3124,904,999,97,5,228,0,0,0
States,Florida,Season 2024-25,2941,985,938,48,79,1,0,0,0
States,Georgia,Season 2024-25,2723,462,639,332,7,97,0,0,0
States,Hawaii,Season 2024-25,3178,1066,768,18,8,300,0,0,0
States,Idaho,Season 2024-25,1615,685,603,101,1,28,0,0,0
States,Illinois,Season 2024-25,3887,681,342,473,78,128,0,0,0
States,Indiana,Season 2024-25,913,361,249,6,1,12,0,0,0
States,Iowa,Season 2024-25,1867,1081,514,40,122,0,0,0,1
States,Kansas,Season 2024-25,1142,398,133,34,1,0,0,0,0
States,Kentucky,Season 2024-25,1853,562,498,3,0,3,0,0,0
States,Louisiana,Season 2024-25,993,55,105,13,6,2,0,0,2
States,Maine,Season 2024-25,2050,958,737,31,201,0,0,0,0
States,Maryland,Season 2024-25,3895,894,762,406,35,59,0,0,0
States,Massachusetts,Season 2024-25,3552,1053,1117,13,388,1,0,0,0
States,Michigan,Season 2024-25,1711,653,541,91,9,67,0,0,0
States,Minnesota,Season 2024-25,5016,2021,466,808,16,139,0,0,1
States,Mississippi,Season 2024-25,874,126,171,43,2,4,0,0,0
States,Missouri,Season 2024-25,1862,671,608,101,27,1,0,0,0
States,Montana,Season 2024-25,532,292,162,4,2,25,0,0,0
States,Nebraska,Season 2024-25,1562,389,450,280,40,0,0,0,0
States,Nevada,Season 2024-25,2066,190,288,68,6,87,0,0,0
States,New Hampshire,Season 2024-25,2024,282,321,598,23,136,0,0,0
States,New Jersey,Season 2024-25,753,252,130,26,12,1,0,0,0
States,New Mexico,Season 2024-25,3305,577,748,25,1,35,0,0,0
States,New York,Season 2024-25,10816,3435,2401,622,43,101,0,0,0
States,North Carolina,Season 2024-25,2586,935,815,99,3,32,0,0,0
States,North Dakota,Season 2024-25,1043,399,173,1,14,0,0,0,0
States,Ohio,Season 2024-25,2258,1165,815,9,9,22,0,0,2
States,Oklahoma,Season 2024-25,646,61,110,34,2,4,0,0,0
States,Oregon,Season 2024-25,4905,1589,1350,49,117,0,0,0,2
States,Pennsylvania,Season 2024-25,2655,987,795,129,8,119,0,0,0
States,Rhode Island,Season 2024-25,5338,822,905,358,322,3,0,0,0
States,South Carolina,Season 2024-25,1114,240,236,6,0,3,0,0,0
States,South Dakota,Season 2024-25,1031,441,295,38,18,0,0,0,0
States,Tennessee,Season 2024-25,3176,550,775,1241,1,1,0,0,0
States,Texas,Season 2024-25,3338,696,1188,39,61,3,0,0,0
States,Utah,Season 2024-25,1958,360,442,10,14,17,0,0,0
States,Vermont,Season 2024-25,660,373,189,6,8,16,0,0,0
States,Virginia,Season 2024-25,1952,536,385,24,7,46,0,0,0
States,Washington,Season 2024-25,3017,833,654,202,94,3,0,0,14
States,West Virginia,Season 2024-25,926,394,264,50,2,48,0,0,0
States,Wisconsin,Season 2024-25,4219,1700,754,38,4,97,0,0,1
States,Wyoming,Season 2024-25,670,66,55,28,0,0,0,0,0
States,American Samoa,Season 2024-25,X,X,X,X,X,X,X,X,X
States,Puerto Rico,Season 2024-25,157,58,64,1,0,6,0,0,0
States,Virgin Islands,Season 2024-25,X,X,X,X,X,X,X,X,X
States,New York City,Season 2024-25,X,X,X,X,X,X,X,X,X
